company_id;country_id;city_id;address;is_headquarter
17;68;11;"Paseo de Recoletos";0
17;75;15;"1 Rue Alexander Fleming";0
17;75;2;"14, Rue Gaillon";1
17;75;16;"35, Chemin des Aulnes";0
17;75;13;"4, rue Edith Piaf";0
17;75;12;"7, Rue de l'hôpital Militaire";0
17;109;17;"Via Copernico, 38";0
18;57;19;"Konrad-Adenauer Ufer 71";0
18;75;2;"17, Rue du Faubourg du Temple";1
18;78;20;"11 Old Jewry";0
19;75;2;"146, Rue Montmartre";1
20;75;2;"5, Rue Saint-Fiacre";1
21;75;2;"24, Rue du Mail";1
22;43;3;"Chemin des Ramiers 20";1
23;43;23;"Avenue de Sévelin 46";1
24;75;2;"12, Rue Vivienne";1
24;78;5;"18 Finsbury Square";0
25;21;24;"Rue de la Régence 67";1
26;75;6;"93, Avenue Charles de Gaulle";1
27;37;8;"5420 Boulevard St-Laurent";1
27;75;2;"54, Rue de Lancry";0
27;75;2;"63 rue Saint Anne";0
28;75;2;"96 b, Boulevard Raspail";1
29;75;10;"220 avenue de la tramontane";1
32;57;27;"Hamburger Allee 45";0
32;68;11;"c/ María de Molina 54, 5ª planta";0
32;75;2;"88-90 Boulevard de Sébastopol";1
32;78;5;"5 Chancery Lane, London";0
34;108;29;"Kringlan 1";0
34;227;30;NULL;1
34;227;31;NULL;0
34;227;30;NULL;1
34;227;31;NULL;0
34;227;30;NULL;1
34;227;31;NULL;0
34;227;30;NULL;1
34;227;31;NULL;0
36;75;2;"76, Rue du Faubourg Saint-Denis";1
38;75;2;"17, Rue de la Banque";1
40;75;34;"33, Quai Arloing";0
40;227;35;"381 Broadway";1
41;75;2;"122, Rue de Rivoli";1
42;57;40;"Erkrather Straße 401";0
42;68;11;"Paseo de la Castellana, 79";0
42;75;2;"60 Rue d'Hauteville";1
42;109;17;"Via Giovanni Durando 39";0
42;162;39;"Evert van de Beekstraat 104";0
43;75;2;"21, Rue de Châteaudun";1
43;109;44;"Via Vittor Pisani, 15 Milano";0
44;75;2;"198, Avenue de France";1
44;75;2;"68, Avenue Parmentier";1
44;78;46;"14 Hanover Square";0
44;78;5;"18 Crucifix Lane";0
44;227;35;NULL;0
47;57;47;"Voltastr. 5 ";1
49;68;11;"Calle del Poeta Joan Maragall, 1";1
51;102;49;"Corrig Road, Sandyford";1
53;75;2;"rue du Sentier";1
60;75;2;NULL;1
60;75;2;NULL;1
60;75;2;NULL;1
62;57;55;"Gotzinger Straße 8";0
62;75;2;"28 Rue du Chemin Vert, 75011 ";0
62;78;5;"26-28 Hammersmith Grove";0
62;109;57;"Viale Augusto Righi, 66";1
62;162;77;"Emmalaan 7 1075 AT ";0
62;227;53;"3110 Main Street, The Annex Santa Monica, CA 90405 Tel: +1 (408) 675-9018";0
64;75;58;"26, Quai de Bacalan";1
64;227;59;"185 Alewife Brook Pkwy";0
65;43;60;"Rue de la Porte Neuve 33 ";0
65;78;5;"37-38 Long Acre";0
65;109;44;"Via Principe Amadeo 5";1
66;43;64;"Untermüli 9";0
66;57;47;"Rosenthaler Straße 40-41";1
66;227;30;"650 California Street";0
67;75;2;NULL;1
67;75;2;NULL;1
68;75;2;"5, Rue de la Fidélité";1
69;75;2;"12, Rue du Helder";1
70;75;2;"5 parvis alan turing";1
71;75;2;"11, Rue Tronchet";1
72;43;23;"EPFL Innovation Park";1
74;75;73;"14, Cours du Danube";1
76;70;74;"Pursimiehenkatu 26 C";1
76;162;77;"Singel 373";0
76;186;75;"Constantin Brancusi 25";0
76;227;35;"500 7th Avenue";0
78;75;2;NULL;1
78;75;2;NULL;1
78;75;2;NULL;1
78;75;2;NULL;1
80;43;79;"Hardturmstrasse 161";0
80;75;84;"1 Rue du Gal Maurice Guillaudot";0
80;75;58;"1, Cours du 30 Juillet";0
80;75;34;"70, Quai Perrache";0
80;75;81;"La Grande Arche - Paroi Nord ";1
80;194;80;"541 Orchard Road";0
87;75;2;"3, Rue de Gramont";1
87;227;86;"50 Milk St";0
90;57;47;"Oberwallstraße 6";0
90;57;47;"Rosenthaler Straße 42";0
90;57;195;"Willy-Brandt-Straße 23";0
90;75;2;"51, Rue de Londres";1
90;78;5;"20-22 Commercial Street";0
90;78;46;"41 Luke Street";0
90;227;30;"156 2nd St";0
92;78;5;"25 City Road";1
92;176;92;"Wioślarska 8";0
92;176;91;"Wyspa Słodowa 7";0
95;75;94;"2, Rue Maurice Hartmann";1
96;70;74;"Mikonkatu 9";1
96;70;74;"Pelimannintie 24";1
97;75;84;"38, Boulevard Albert 1er";1
98;75;2;"53, Rue de Turbigo";1
98;227;35;NULL;0
98;227;35;NULL;0
98;227;35;NULL;0
99;75;2;NULL;1
99;75;2;NULL;1
99;75;2;NULL;1
99;78;5;NULL;0
99;78;5;NULL;0
99;78;5;NULL;0
100;162;77;"Nieuwe Achtergracht 105";1
101;78;5;"107 Cheapside";0
101;176;107;"ul. Grzybowska 62";0
101;227;30;"415 Mission St";1
103;75;2;"10, Rue du Faubourg Montmartre";1
103;227;111;"109 South 5th Street";0
104;75;2;"16 rue de la Pierre levée";1
106;75;2;"6, Rue Auber";1
106;78;5;NULL;0
106;78;5;NULL;0
106;78;5;NULL;0
106;78;5;NULL;0
107;57;117;"Lichtenbergstraße 8";1
107;176;115;"ul. Kurniki 9";0
107;227;116;"2450 Holcombe Blvd";0
116;57;47;"Prinzessinnenstraße 19/20";1
118;75;2;"42 rue Rochechouart";1
120;75;2;"134, Rue Legendre";1
124;75;2;"11, Rue de Lourmel";1
124;75;6;"8, Rue de l'hôtel de Ville";1
125;68;125;"Portal de l'Àngel, 40";0
125;225;127;"25 Sichovykh Striltsiv St.";0
125;227;126;"1309 Beacon Street, Suite 300";1
126;75;2;TBC;0
126;78;130;"Wharfedale Road";0
126;193;128;"Herrhagsvägen 14";1
126;193;375;"Olof Palmes Gata 29, Plan 4";1
127;75;131;"13, Port Saint-Étienne";0
127;75;132;"3, Rue Galvani";1
128;75;2;"5 parvis Alan Turing";1
128;227;35;"228 Park Ave S";0
129;75;2;"6, Rue Legraverend";1
131;227;137;"772 E Utah Valley Dr.";1
133;75;131;"31, Allées Jules Guesde";1
135;14;140;"66 King St";0
135;57;40;"Johannstraße 37";0
135;57;47;"Saarbrücker Str. 36";1
135;68;11;"Calle de la Explanada, 8";0
135;75;2;"40 rue du Colisée";0
135;78;5;"14 Gray's Inn Road";0
135;109;17;"Via Tortona, 33";0
135;194;141;"6 Shenton Way";0
135;227;35;"30 E 20th St";0
137;14;140;"George St";0
137;78;151;"41 Arthur Street";0
137;102;49;"23 S Williams Street";1
137;227;149;"W Jefferson Blvd";0
139;55;152;"1, Lampousas St";0
139;78;5;NULL;0
139;78;5;NULL;0
139;89;154;NULL;1
139;89;154;NULL;1
139;89;154;"44 Leoforos Kifisias";0
139;227;153;NULL;0
139;227;153;NULL;0
139;227;15216;"360 Central Ave";1
146;75;2;"80, Rue des Haies";1
148;75;2;"174, Quai de Jemmapes";1
150;57;47;"Chausseestraße 20";1
153;68;11;"Calle Raimundo Fernández Villaverde";0
153;75;2;"52, Rue de Dunkerque";0
153;78;5;"Classic House, Martha's Buildings, 174-180 Old Street";1
153;109;17;"Viale Bligny, 27";0
153;227;35;"30th Floor, 75 Broad Street";0
154;14;165;"Level 4, 152 Elizabeth Street";0
154;37;169;"401 Bay St";0
154;78;171;"3 Shortlands";0
154;95;170;"111 Queen's Rd W, Sheung Wan, Hong Kong";0
154;194;80;"59 New Bridge Rd";0
154;227;167;"3001 Bishop Dr";0
154;227;35;"61 Broadway ";1
155;14;172;NULL;0
155;14;172;NULL;0
155;14;172;NULL;0
155;14;172;NULL;0
155;37;175;"118 Ochterloney St";0
155;78;177;"2B Banbury Office Village, Noral Way";0
155;78;177;"School House, Marston, St. Lawrence";0
155;102;1638;"XOCEAN Technical Centre";1
155;163;173;NULL;0
155;163;173;NULL;0
155;163;173;NULL;0
155;163;173;NULL;0
155;227;174;NULL;0
155;227;174;NULL;0
155;227;174;NULL;0
155;227;174;NULL;0
156;75;2;"23, Rue des Jeûneurs";1
156;75;179;"4, Rue de la Gare";0
157;75;2;"51, Rue de Chabrol";1
157;227;111;"155 Water St";0
159;75;2;"Rue Cardinet";1
161;75;2;"117, Quai de Valmy";1
163;75;184;"12, Rue de la Montjoie";1
164;78;185;"38 Walton Road";1
167;59;186;"Frydenlundsvej 30";1
167;153;187;"Av. del Castillo #5500";0
167;227;188;"1447 S. Tryon St.";0
168;75;189;"5, Rue du Pré Chaudron";1
175;75;84;"5 rue Paul Louis Courier";1
175;75;84;"70 avenue Sergent Maginot";1
177;57;195;"Axel-Springer-Platz 3";0
177;57;19;"Hohenstaufenring 57a";0
177;57;194;"Taunusanlage 8";0
177;75;191;"256 rue de Thor";0
177;75;2;"81, Rue des Archives";1
177;78;5;"Dawson House 5 Jewry St";0
177;227;35;"79 Madison Avenue ";0
178;78;5;"TechHub @ Campus 1st / 2nd Floor, 4-5 Bonhill Street ";0
178;181;198;"Praça da Alegria 22";0
178;181;199;"Rua de D. Maria II";1
180;57;47;"Grünberger Str. 13";0
180;57;206;"Theresienhöhe 28";0
180;64;204;"Niine 11";1
180;68;11;"5 ‍Núñez Morgado";0
180;162;77;NULL;0
180;162;77;NULL;0
180;162;77;NULL;0
180;181;198;NULL;0
180;181;198;NULL;0
180;181;198;NULL;0
182;78;5;"WeWork No 1 Poultry  London  EC2R 8EJ. GB United Kingdom";0
182;102;210;"Glandore, City Quarter, Lapp's Quay, Centre, Cork";1
182;102;211;"Scottish Provident House, 25 St Stephen's Green, Dublin Southside, Dublin 2";0
182;149;212;"SCM 01 Unit 405 Floor 4, Smart City, Ricasoli, Il-Kalkara SCM 1001, Malta";0
182;227;30;"44 Montgomery  Street, 3rd Floor, San Francisco, CA 94104";0
182;227;208;"Altada Technologies 1111 Brickell Avenue 10th Floor Miami, FL 33131";0
182;227;35;"Hana 3, World Trade Center 38th Floor New York,   NY 10007";0
183;57;47;"Stresemannstraße 123";1
183;68;215;"Paseo de la Castellana 43";0
183;68;125;"Passeig de Gracia 17";0
183;75;2;"33 Rue La Fayette  ";0
183;78;5;"38 Cursitor Street";0
183;104;217;"974, 4th Cross, 80 Feet Main Rd Koramangala 4th Block";0
183;104;216;"Chincholi Bunder Rd, Mindspace, Malad West, Maharashtra";0
183;109;17;"Via San Marco 21";0
184;57;47;"Schlesische Straße 26";1
184;57;47;"Torstraße 107";1
184;75;2;"PlanA.Earth SAS, chez WeWork";0
184;78;5;"PlanA.Earth Limited,  86-90 Paul Street";0
185;75;2;NULL;1
185;75;2;NULL;1
185;75;2;NULL;1
186;57;206;"St.-Martin-Str. 112";1
187;75;2;"55 rue du Faubourg Saint-Antoine, 75011 Paris";1
189;59;227;"Esplanaden 8a";1
189;176;107;"ulica Prosta 20";0
191;75;12;"165 avenue de bretagne";1
193;75;229;"65, Avenue Jules Cantini";1
195;56;230;"Karla Engliše";1
196;75;131;"13, Rue Sainte-Ursule";0
196;75;2;"3, Rue d'édimbourg";1
196;75;2;"90 Rue Notre Dame de Nazareth";1
204;78;5;"89-93 Fonthill Road";1
207;13;235;"Börseplatz 6";1
207;43;79;Susenbergstrasse;0
209;75;2;"4, Cité Paradis";1
209;227;35;"125 W 25th St";0
211;75;238;"235 rue de la Montagne Noire";1
212;227;239;"2210 Award Winning Way";1
213;43;79;"Hardturmstrasse 181";1
213;176;115;"ul. Józefitów 8";0
213;227;30;"548 Market St";0
214;75;2;NULL;1
214;75;2;NULL;1
214;75;2;NULL;1
214;75;2;NULL;1
214;75;2;NULL;1
214;75;2;NULL;1
215;75;2;"2, Rue Paul Cézanne";0
215;227;86;"75 State St";1
216;59;246;"Lergravsvej 57 ";1
216;78;5;"Margaret Street";0
217;64;204;"Sitting on the hood of a car";1
219;75;2;"11, Avenue Delcassé";1
219;75;250;"20 Boulevard Eugène Deruelle";0
221;75;252;"12bis Rue de la Victoire";1
221;75;12;"4, Avenue des Saules";0
221;78;5;"30 Stamford Street";0
223;68;11;"Calle de la Reina, 39";0
223;75;2;"23, Boulevard Poissonnière";1
223;78;5;"35 Soho Square";0
223;109;258;"Via dell'orso, 91";0
223;162;77;"Raamplein 1";0
225;75;2;"19, rue Leriche";1
225;75;58;"48, Rue de Marseille";0
227;167;1723;NULL;1
227;167;1723;NULL;1
227;227;208;"175 SW 7th St";1
228;75;2;"52, bd de Sébastopol";1
236;62;266;NULL;0
236;62;266;NULL;0
236;75;2;"39, Rue Lucien Sampaix";0
236;78;5;NULL;0
236;78;5;NULL;0
236;227;268;NULL;1
236;227;35;NULL;0
236;227;268;NULL;1
236;227;35;NULL;0
240;75;132;"1, Rue Galvani";1
240;194;80;"31 Boon Tat Street";0
240;217;274;"rue Ghar el Melh";0
240;227;273;"4020 Lake Washington Blvd NE";0
243;2;281;NULL;0
243;2;281;NULL;0
243;2;281;NULL;0
243;21;283;NULL;0
243;21;283;NULL;0
243;21;283;NULL;0
243;37;8;"2055 Rue Peel";0
243;43;279;NULL;0
243;43;279;NULL;0
243;43;279;NULL;0
243;48;284;"Room 227, 664 Xinhua lu, Changning district";0
243;68;11;"Calle de Eloy Gonzalo, 28010";0
243;68;11;"Plaza Sta. María Soledad Torres Acosta, 2";0
243;75;229;"26, rue de la république";0
243;75;229;"34, rue de la république";0
243;75;2;"51, Rue François Premier";0
243;78;46;NULL;0
243;78;46;NULL;0
243;78;5;"52 Bedford Row";0
243;95;293;"The Great Room, One Taikoo Place, 23/F, 979 King's Road, Quarry Bay, Hong Kong Island";0
243;112;278;NULL;0
243;112;278;NULL;0
243;112;278;NULL;0
243;153;287;NULL;0
243;153;287;NULL;0
243;153;287;NULL;0
243;194;282;"1 Goerge Street";0
243;227;30;NULL;0
243;227;149;NULL;0
243;227;208;NULL;0
243;227;30;NULL;0
243;227;149;NULL;0
243;227;208;NULL;0
243;227;30;NULL;0
243;227;149;NULL;0
243;227;35;"27 W 20th St.";1
244;37;169;"151 Yonge St";0
244;57;47;"Karl-Liebknecht-Straße 1";1
244;57;206;"Ludwigstraße 9";0
244;78;299;"64 Nile Street";0
244;227;31;"745 5th Avenue";0
262;162;77;"Paasheuvelweg 25";1
262;227;77;"Academic Medical Center";0
263;163;339;"Tordenskioldsgt. 2";1
264;13;2029;"Maria-Theresien Straße 1, 6020 Innsbruck, Austria";0
264;57;1459;"Carl-Zeiss Ring 19, 85737 Ismaning, Germany";1
264;227;9432;"110 Corcoran Street";0
265;30;712;"Rua dos Pinheiros";0
265;57;47;"Kurfürstenstraße 87";0
265;57;206;"Radlkoferstraße 2";1
265;68;11;"Calle Evaristo San Miguel, 8";0
265;75;2;"13-15 rue de Calais";0
265;78;46;"15 Bishopsgate";0
265;104;1448;"Arekere Layout";0
265;154;1451;"Penthouse Centre Point North, Mid Valley Lingkaran Syed Putra";0
265;162;77;"Van Ostadestraat 149";0
265;176;107;"Marszałkowska 111";0
265;227;688;"3280 Peachtree Rd NE";0
266;68;125;"Carrer de la Diputació, 211";0
266;193;1446;"Svärdvägen 5";1
267;75;191;"521 Rue Georges Méliès";1
267;75;2;"55, Rue des Blancs Manteaux";0
267;227;35;"1375 Broadway";0
268;70;74;"Lapinlahdenkatu 16";1
269;21;1439;"Philipssite 5, (HQ)";1
269;227;35;"1177 Avenue of the Americas";0
270;162;77;"Keizersgracht 585";1
271;102;49;"Jefferson House, 2 Eglington Road";0
271;227;30;"188 King St";1
272;193;375;"Södermalmsallén 36";1
273;75;2;"27-33, Avenue des Champs Élysées";1
274;75;2;NULL;0
274;75;2;NULL;0
274;227;30;NULL;1
274;227;30;NULL;1
275;75;1431;"3, Rue Ariane";1
276;48;1428;"No.20 East Middle 3rd Ring Road";0
276;162;77;"Pilotenstraat 41";1
276;227;59;"552 Massachusetts Ave";0
277;193;375;"Stravito AB, Vasagatan 28";1
278;75;2;"21 bis Rue de Bruxelles";1
279;23;1424;"bulevard Osmi Primorski polk 115";0
279;23;1424;"Orchid Gardens Varna, Osmi Primorski Polk Blvd. 115";0
279;68;8771;"Calle Luis Martinez, Num 21";0
279;78;5;"Gloucester Street (WC1N)";0
279;102;1423;"Altamount Street";1
279;102;1423;"Leeson Enterprise Park, Block A, Altamount Street";1
279;227;1422;"177 N Main St";0
279;227;679;"1910 Pacific Ave, Suite 2000";0
279;227;3704;"3964 Rivermark Plaza";0
280;57;47;"Urbanstraße 116";0
280;59;1420;"Gasværksvej 16, 4. sal";1
280;68;11;"Paseo de la Habana, 9";0
281;57;47;"Ebertstraße 2";1
281;64;204;"Veerenni 38";0
281;127;1416;NULL;0
281;127;1416;NULL;0
282;193;1282;"Tomtebodavägen 6";1
283;57;47;Dircksenstraße;1
283;57;47;"Schwedter Str. 36 A";1
283;75;2;"26, Rue Marbeuf";0
283;162;1413;Tokyostraat;0
284;75;2;"55, Rue de Lyon";1
285;57;206;Joseph-Dollinger-Bogen;1
285;57;206;"Joseph-Dollinger-Bogen 26";1
285;75;2738;"16, Place de l'iris";0
285;227;268;"150 N Michigan Ave";0
286;102;1409;"Joyce's Court, Block B, 4th Floor,";1
286;227;1408;"Middlefield Road";0
287;162;1407;"Blaak 555";1
288;75;2;"117, Quai de Valmy";1
288;78;46;"184 Shepherds Bush Road";0
289;75;2;"12, Rue Philippe de Girard";1
290;57;195;"c/o BEEHIVE, Heidi-Kabel Platz 2";1
291;162;742;"Toernooiveld 300";1
292;43;1401;"Route de Lully 5c";1
293;57;1400;"Feodor-Lynen-Str. 15";1
294;21;24;"Avenue Louise 251";1
294;21;24;"Avenue Louise 279";1
294;227;35;"1177 Avenue of the Americas";0
295;64;1335;"Kalasadama 4";1
295;64;1292;"Paju 1a";0
296;57;368;"Landwehrstraße 60-62";1
297;21;1382;NULL;0
297;21;1382;NULL;0
297;57;47;NULL;0
297;57;47;NULL;0
297;68;789;NULL;1
297;68;789;NULL;1
297;75;2;NULL;0
297;75;2;NULL;0
297;78;5;NULL;0
297;78;5;NULL;0
297;109;17;NULL;0
297;109;17;NULL;0
297;132;1383;NULL;0
297;132;1383;NULL;0
297;181;356;NULL;0
297;181;356;NULL;0
298;37;1380;"1 Queen St N";1
298;227;570;"440 N. Wolfe Rd.";0
299;75;2;"37 Rue de Bellefond";1
300;57;47;"Alexanderstr. 1-3 Berlin";1
300;57;47;"Rosenstraße 16-17";1
301;37;1375;"745 Thurlow St";0
301;78;5;NULL;0
301;78;5;NULL;0
301;181;1374;"UPTEC Pólo do Mar – Avenida da Liberdade";1
301;227;1373;NULL;0
301;227;1373;NULL;0
302;102;876;"Douglas Road";1
303;68;636;"Calle de Luis Merelo i Mas, 6";1
304;75;2;"18-20, Place de la Madeleine";1
304;75;84;"28, Boulevard du Colombier";0
306;57;1361;"Freundallee 11a";1
306;57;1094;"Hamburger Straße  39 B";0
306;57;843;"Olgastraße 152";0
307;68;11;"Calle de Núñez de Balboa";0
307;109;44;"Via Paolo da Cannobio";1
307;227;1359;"304 S Jones Blvd";0
308;57;47;"Oranienstraße 185";1
309;75;763;"French Alps";1
309;227;35;"C/O Pramex International, 1251 Avenue of the Americas";0
310;68;523;"Carrer de Josep Pla, 2";0
310;75;229;"70, Rue de la République";0
310;75;1352;"Péniche West River";1
311;75;2;"15 rue des Halles";1
312;57;206;"Sendlinger Straße 7";1
313;70;74;"Aleksanterinkatu 15";1
314;57;195;"Hoheluftchausse 18";0
314;163;339;"Torggata 8";1
314;227;1345;"111 Town Square Pl";0
315;162;77;"Keizersgracht 424";1
316;75;2;"15, Rue Louis Le Grand";0
316;75;1342;"18, Rue de la Vicomté";1
317;75;2;NULL;1
317;75;2;NULL;1
318;57;47;"Liegnitzer Straße 34";0
318;75;2;"18, Rue de Londres";1
318;78;5;"10 Devonshire Square";0
318;162;77;"Plantage Middenlaan 62";0
319;64;1335;"A. Lauteri 3";1
319;109;17;NULL;0
319;109;17;NULL;0
319;131;309;"Giedraičių gatvė 3";0
319;133;1334;"Kronvalda bulvāris 4";0
320;75;58;"229, Rue Judaïque";0
320;75;1328;"340, Route de Palluel";0
320;75;2;"38 avenue Léon Gaumont";1
320;75;1332;"Bât C1 – 200 Rue Michel De Montaigne – Avignon Technopôle, Secteur Agroparc – ";0
320;75;2493;"Strasbourg ";0
321;43;79;"Limmatquai 122";1
321;57;592;Gertrudenstraße;0
321;181;198;"Rua Latino Coelho, Nº 87";0
322;37;1375;"1900 - 1040 West Georgia Street";0
322;57;437;"Schillerstraße 4, 60313 Frankfurt am Main";0
322;59;246;"Lautrupsgade 7, ";0
322;68;11;"Velazquez, 80 6 DR - 28001 Madrid";0
322;75;2;"13-15 rue TAITBOUT";0
322;75;1155;"5 allée des lumières";1
322;95;1324;"Office 2611, Office Tower Langham";0
322;112;278;"PMC Bldg. 2F, 1-23-5 Higashi Azabu, Minato-ku";0
322;227;30;"2415 Third Street, Suite 231";0
323;75;2;NULL;1
323;75;2;NULL;1
324;21;24;NULL;1
324;21;24;NULL;1
325;43;1318;"Schindellegistrasse 3";1
325;43;1318;"Talstrasse 35";1
327;43;1316;"Zugerstrasse 76";1
328;109;1315;"Via Egidio Giannessi, 54";1
329;59;331;"Valkendorfsgade 13";0
329;78;5;"26 Hatton Garden";1
329;227;35;"276 Fifth Avenue";0
330;43;23;"Avenue Charles Dickens 6";0
330;43;79;"Hardturmstrasse 253";0
330;78;5;"2nd Floor, Classic House, 174-180 Old Street";1
331;57;47;Kastanienallee;1
332;75;84;"31 rue de la Frebardiere";1
333;193;375;NULL;1
333;193;375;NULL;1
334;57;1305;NULL;1
334;57;1305;NULL;1
335;75;2;"3-5 impasse Reille";1
336;68;11;Madrid;1
336;227;35;NULL;0
336;227;35;NULL;0
337;162;1301;"Colijnsplaatse Groeneweg 2";1
338;75;2;NULL;1
338;75;2;"29, Rue des Pyramides";1
338;227;35;"1239 Broadway, Suite 1502";0
338;227;30;"445 Bush St";0
339;43;64;"Gotthardstrasse 26";1
341;102;1271;"Fenian Street";1
342;64;1292;"Akadeemia 3";0
342;70;1289;"Lemminkäisenkatu 14-18A";0
342;103;605;"Ahad Ha'Am 9";0
342;162;77;"Prinsengracht 437";1
342;193;375;"Magnus Ladulåsgatan 3";0
343;102;876;"Rubicon Centre";1
344;13;450;NULL;1
344;13;450;NULL;1
344;13;450;NULL;1
345;75;599;"2, Rue Mozart";1
346;57;47;"Kurfürstendamm 208";1
347;13;450;"Schönbrunner Straße";1
347;57;47;"Käthe-Niederkirchner-Straße 33";0
348;193;1282;"Nanna Svartz väg 4";1
349;163;339;"Peder Claussønns gate 2";1
350;21;1276;"Avenue Du Port 86C BTE 204";0
350;78;5;"5 Upper Montagu Street";0
350;112;278;"3-2-2 Marunouchi, Chiyoda-ku";0
350;193;375;"Karlavägen 58";1
350;194;80;"260 Orchard Road";0
350;227;645;"470 Ramona St";0
350;227;1278;"49 Tipton Pl, Cripple Creek CO,";0
351;75;2;"7, Rue Broca";1
352;57;1272;"Am Klopferspitz 19";1
353;102;1271;"27 Mount Street Upper";1
354;176;91;"Plac Solny 14/3";1
354;227;373;"3513 Brighton Blvd. Ste. 400";0
355;68;11;"Calle de Méndez Álvaro, 20";1
356;48;9819;"Huaqiang Electronic World 1 Shop 2";0
356;68;11;NULL;0
356;68;11;NULL;0
356;75;2;NULL;0
356;75;2;NULL;0
356;78;5;NULL;0
356;78;5;NULL;0
356;193;673;"Bredgatan 4";1
356;193;375;"Regeringsgatan 65";0
356;227;30;NULL;0
356;227;30;NULL;0
357;193;375;"Sveavägen 53, Stockholm";1
359;14;1257;"6-8 Regent St";0
359;227;373;"999 18th St";1
360;163;339;"Rådhusgata 17";1
360;193;375;"Skånegatan 68";0
360;227;645;"444 Ramona St.";0
361;57;368;"Nymphenburger Straße 86";1
362;57;194;"Taunusanlage 8";1
362;194;1249;"Raffles Pl";0
362;227;35;"80 Pine St";0
363;43;79;"Eichstr. 23";1
364;43;79;"Hofackerstrasse 13";1
366;68;11;"Calle de la Alameda, 22";0
366;75;2;"15, Rue de Laborde";0
366;78;5;"8-12 Leeke Street";1
368;75;1232;"2, Rue des Mauriers";1
369;109;17;"Via Borgogna, 5";1
370;57;47;"Torstraße 177";1
373;13;235;"Karl-Farkas Gasse 22";1
374;59;331;"Skelbækgade 2, 5";1
375;227;1222;"S Lemon Ave";1
377;75;2;"125, Boulevard de la Villette";1
378;57;47;"Berliner Str. 80";0
378;57;47;"Hardenbergstraße 32";0
378;64;204;"Maakri 30";1
379;59;1217;"Orient Plads 1";1
379;68;125;"c/o Carrer d’Àlaba";0
380;59;1215;"Maskinvej 5";1
381;162;1214;Watermolen;1
382;75;2;"135 bis rue de Ménilmontant";1
382;75;1213;"3 rue Lac du Mont Cenis";0
383;57;206;"Erika-Mann-Straße 21";1
384;57;195;"Raboisen 6";1
385;55;383;"Gladstonos 120";1
385;89;1208;"Koraka 17";0
386;70;1203;"Elverksgatan 10";0
386;70;918;"Metsänneidonkuja 12";1
386;78;5;"3 Waterhouse Square";0
386;133;1334;"Skanstes iela 12";0
387;75;1201;"51 Avenue Jean Kuntzmann";1
388;57;47;"Kopernikusstraße 35";1
388;162;391;"Jan Pieterszoon Coenstraat 24 b";0
389;2;281;NULL;0
389;2;281;NULL;0
389;14;165;NULL;0
389;14;165;NULL;0
389;37;169;NULL;0
389;57;206;NULL;0
389;57;206;NULL;0
389;162;1123;"Vondellaan 47";1
389;194;80;NULL;0
389;194;80;NULL;0
389;227;35;NULL;0
389;227;35;NULL;0
390;78;1191;"Edgmond Newport, TF10 8JZ";0
390;163;1189;"Evjevegen 8";1
390;163;339;Gaustadalléen;0
390;163;1190;"Grenseveien 21";0
390;163;358;"Krambugata 2";0
391;68;125;NULL;0
391;68;125;NULL;0
391;75;2;"12, Rue Charlot";1
391;75;1186;"Avenue d’Alphasis - Espace Performance ";0
392;75;2;"6, Rue Auber";1
393;162;391;"Nicolaas Beetsstraat 222";1
394;181;198;Lisbon;1
395;21;1175;NULL;0
395;43;79;NULL;0
395;68;11;"Paseo de la Castellana, 93";1
395;70;74;NULL;0
395;109;44;NULL;0
395;153;1177;NULL;0
395;181;198;NULL;0
395;193;375;NULL;0
395;227;1178;NULL;0
396;13;235;"Kärntner Ring 5-7";1
396;14;1169;"57 Berwick St";0
396;37;169;"909 Queen Street East";0
397;75;84;NULL;1
397;75;84;NULL;1
398;57;206;"Brienner Straße 45 a-d";1
398;57;206;Franz-Joseph-Straße;0
398;181;356;"R. Mouzinho da Silveira 32";0
398;227;30;"981 Mission St";0
399;75;2;Paris;1
400;227;30;"201 Mission St";1
400;227;1163;"920 SW 6th Ave";0
401;57;1161;"Hegelallee 53";1
402;75;2;"74, Avenue Kléber";1
403;57;47;"Torstrasse 19";1
403;57;19;"Von-Werth-Str. 12,";0
403;109;912;"Viale Regina Margherita, 30";0
403;227;1061;"144 W 27th St";0
404;75;1155;"30 Avenue Gustave Eiffel";1
405;109;1154;"Piazzale Flaminio, 19";1
405;227;30;"533 Mission St";0
406;57;206;"Siegfriedstraße 8";1
407;37;8;NULL;0
407;37;8;NULL;0
407;227;30;"385 Grove St";1
408;43;64;"Bahnhofstrasse 21";1
409;2;281;NULL;0
409;2;281;NULL;0
409;20;6671;NULL;0
409;48;775;NULL;0
409;48;775;NULL;0
409;57;47;"Belziger Str. 33";0
409;95;293;NULL;0
409;95;293;NULL;0
409;104;1144;NULL;0
409;104;1144;NULL;0
409;162;77;NULL;0
409;162;77;"Weteringschans 165 C";1
409;227;31;"104, West 40th Street";0
410;70;74;Malminkatu;1
410;108;1142;Bræðraborgarstígur;0
411;57;47;"Tempelhofer Ufer 17";1
412;43;1137;"Rue de la Cité 1";0
412;193;375;"Sankt Eriksgatan 63b";1
412;227;35;"510 5th Ave";0
413;57;47;"Euref-Campus 21";0
413;57;206;"Von-der-Tann Straße 12";1
414;57;1134;"Kaiserstraße 24";1
415;57;47;NULL;1
415;57;47;NULL;1
415;95;293;NULL;0
415;95;293;NULL;0
415;194;80;NULL;0
415;194;80;NULL;0
415;227;268;NULL;0
415;227;1131;NULL;0
415;227;268;NULL;0
415;227;1131;NULL;0
416;176;107;"ulica Krakowskie Przedmiescie 13";1
417;163;339;"Tordenskiolds gate 8";1
418;68;11;NULL;0
418;68;11;NULL;0
418;227;30;NULL;0
418;227;111;NULL;1
418;227;30;NULL;0
418;227;111;NULL;1
419;162;1123;"Emmy Noetherweg 2D";1
419;162;639;"Luchthavenweg 10";0
419;162;1123;"Robert Boyleweg 4";1
420;57;47;"Pappelallee 78/79";1
421;75;2;"5, Rue des Italiens";0
421;227;35;"33 Irving Pl";1
422;57;40;"Kesselstraße 3";1
423;57;47;"Feurigstrasse 59";1
424;6;1113;"Rruga Qemal Draçini";0
424;68;125;"Paseo de Gracia, 71";0
424;68;1111;"Rúa do Príncipe, 35";0
424;109;44;"Piazza Città di Lombardia, 1";1
424;109;1115;"Piazzetta WalterPertoldo, 4";0
425;70;918;"Metsänneidonkuja 10";1
426;193;375;"Sergels Torg 12";1
427;57;206;"Riesstraße 12";1
428;43;79;"Badenerstrasse 790";0
428;43;1106;"Seewjinenstrasse 6";1
429;104;1104;"Anand Park, Aundh";0
429;163;339;"Karvesvingen 5 ";1
431;68;1100;"Pilotegi Bidea 12";0
431;227;116;"1888 Stebbins Drive";1
432;11;1099;"Uruguay 830";0
432;68;11;NULL;1
432;68;11;NULL;1
434;109;1096;"Piazza Giannantonio Manci, 17";0
434;162;77;"Nieuwezijds Voorburgwal 296";1
435;57;1094;NULL;0
435;57;7853;"Moritzburger Weg 1";0
435;57;47;"Reichenberger Straße 120";1
436;57;47;"Paul-Lincke-Ufer 39/40";1
437;75;2;"1, Cité Paradis";1
438;57;47;"Dircksenstraße 47";1
439;163;358;"Sluppenvegen 6";1
439;223;13936;NULL;0
440;57;745;"Eberhardstraße 65";1
440;57;206;"Einsteinstraße 174";0
441;56;656;NULL;0
441;56;656;NULL;0
441;78;1087;NULL;0
441;78;1087;NULL;0
441;102;1086;"DCU Alpha Campus";1
442;68;125;"Rambla Catalunya 2-4";1
442;227;1084;NULL;0
442;227;1084;NULL;0
443;102;49;"NexusUCD, Clonskeagh, Dublin";1
443;102;1082;"The Field";1
444;227;35;"433 Broadway";1
444;227;35;"900 3rd Ave";1
445;104;1079;Chinniyampalayam;0
445;193;375;"Central Stockholm";1
446;13;450;"Günthergasse 3/13";0
446;13;450;"Thomas-Klestil Platz 3";0
446;43;79;"Brandschenkestrasse 30";1
446;56;13380;"Národní 135";0
446;57;47;"Budapester Str. 7-9";0
446;75;2;"33, Rue du Mail";0
446;112;278;"1-5-1 Marunouchi";0
446;162;77;"Weesperstraat 61-105";0
447;57;47;"Goßlerstraße 17";0
447;109;556;"Lungo Dora Pietro Colletta, 85";1
448;163;1070;"Indre Harøya";1
450;57;47;"Hermannstraße 168";1
450;227;86;NULL;0
451;21;618;"Wiedauwkaai 23";1
451;227;35;"1177 Avenue of the Americas";0
452;57;437;"Große Gallusstraße 16-18";0
452;59;360;"Esplanaden 8c";1
452;75;2;"4 rue Royale";0
452;78;5;"120 Moorgate";0
452;104;1057;"DLF Phase 2 Road";0
452;162;77;"Evert van de Beekstraat 354";0
452;227;1061;"250 Park Ave";0
453;2;281;"1814, Churchill 1, Commercial Tower, Business Bay";0
453;14;140;"Tower 2, Level 20, 201 Sussex Street, Sydney, NSW";0
453;30;712;"37, Paulista Avenue, 4th floor, Casa das Rosas";0
453;48;284;"Unit 2, Level 7, 1788 Square, 1788 Nanjing West Road";0
453;50;1048;"Centro Corporativo Plaza Roble, Edificio Las Terrazas A, Piso 5";0
453;68;125;"Carrer Pujades, 350";0
453;78;5;"4th Floor Cordy House, 87-95 Curtain Road";0
453;95;1056;"Hennessy Road 200 Hennessy Road";0
453;104;1052;"Graphix Tower, Sector 62";0
453;112;278;"Yamato Building 8F, 5-27-3, Sendagaya ";0
453;120;713;"10F, Jaram Bldg, 78, Mapo dae-ro, Mapo-gu ";0
453;174;1049;"11th Avenue corner 30th Street";0
453;189;1039;"Nimr Al Nakheel centre, No. 5176 building A, 1st Floor, Imam Saud Bin Abdulaziz Bin Muhammad Road,, P.O.Box 6764";0
453;194;80;"1 Fullerton Road, #02-01 One Fullerton";0
453;227;268;"1 N Franklin St";1
453;227;637;"1331 F St NW";0
453;227;30;"235 Pine Street";0
453;242;1047;"Suite G36, Byls Bridge, Blys Bridge Office Park Building 14, Block B, Corner Olievenhoutboch & Jean Ave";0
454;162;77;"Joan Muyskenweg 22";1
455;227;30;"633 Taraval St";1
457;70;74;NULL;1
457;70;74;NULL;1
457;227;30;NULL;0
457;227;30;NULL;0
458;163;339;"Biermanns gate 6";1
459;57;47;"Rosenstraße 2";0
459;57;206;"Sandstraße 33";1
459;57;27;"Zeil 127";0
460;57;206;"Prinzregentenplatz 9";1
460;227;35;"33 Irving Place";0
461;57;47;NULL;1
461;57;47;NULL;1
461;68;11;NULL;0
461;68;11;NULL;0
461;75;2;NULL;0
461;75;2;NULL;0
462;75;1020;"146 rue leo saignat";1
463;75;2;NULL;1
463;75;2;NULL;1
463;78;5;NULL;0
463;78;5;NULL;0
463;227;31;NULL;0
463;227;31;NULL;0
464;57;47;NULL;1
464;57;47;NULL;1
465;70;74;NULL;1
465;70;74;NULL;1
466;70;74;"Porkkalankatu 24";1
467;43;1013;"Binzmühlestrasse 170d";1
468;75;2;"38 rue Servan";1
469;75;2;NULL;1
469;75;2;NULL;1
470;14;1009;"123 Eagle St";0
470;59;331;"Titangade 11";1
471;21;24;NULL;1
471;21;24;NULL;1
473;78;5;NULL;1
473;176;107;NULL;0
473;186;333;NULL;0
474;75;2;"108, rue Saint Honoré";1
476;13;235;"Friedmanngasse 38-40/1/17";1
476;13;235;"Jakov-Lind-Strasse 15/Floor 2";1
478;70;74;"Firdonkatu 2 T 63";1
479;43;23;"Parc Scientifique EPFL";1
479;227;126;"1309 Beacon Street ";0
479;227;116;"1334 Brittmoore Rd";0
479;235;990;"No. 67-69 Ha Noi Highway";0
480;30;712;"Al. dos Nhambiquaras, 1770 – 5";0
480;49;986;"Carrera 16 # 82-95";0
480;68;125;"Calle Zamora, 46-48";0
480;68;11;"Paseo de la Castellana, 101";1
481;109;981;"Via Madonna del Piano 6,";0
481;109;982;"Viale Risorgimento, 57";1
481;181;198;"R. Antonio Champalimaud ";0
481;227;980;"6864 Frase Dr";0
482;75;2;"29, Rue du Louvre";1
483;162;77;"Westerstraat 187";1
484;21;24;"Rue De Praetere";1
484;75;2;NULL;0
484;75;2;NULL;0
484;227;35;NULL;0
484;227;35;NULL;0
485;57;437;"Taunusanlage 8";1
485;68;125;"Plaça de Gal·la Placídia, 1";0
486;70;74;"Porkkalankatu 3";1
486;78;20;"1 Ropemaker Street";0
486;227;30;NULL;0
486;227;30;NULL;0
487;109;258;NULL;1
487;109;258;NULL;1
488;193;375;"Blekholmstorget 30f";1
488;227;967;NULL;0
488;227;637;NULL;0
489;193;375;"Nybrogatan 8";1
489;227;35;"35 Great Jones St";0
490;57;195;"Axel-Springer Platz";0
490;57;47;Kemperplatz;0
490;59;331;"Rued Langgaards Vej 8";1
490;78;957;Bishopsgate;0
490;193;375;Vasagatan;0
490;227;35;"28 W 44th St";0
490;227;7208;"400 Spectrum Center Dr";0
490;227;35;"450 Lexington Ave";0
492;75;951;"Village d'entreprise ZN RN 13";1
493;75;2;"93, Boulevard Haussmann";1
494;227;499;"121 S Broad Street";1
494;227;30;"150 Post St.";0
494;227;30;"577 Howard St";0
495;78;5;"6 Honduras Street";0
495;227;35;"6 W 18th Street";1
496;176;945;Merkurego;1
496;176;107;"Mińska 25";1
497;2;281;NULL;0
497;2;281;NULL;0
497;59;442;"Prags Boulevard 80";1
497;78;5;NULL;0
497;78;5;NULL;0
498;14;140;"333 George St";0
498;57;47;"Alex-Wedding Str. 5";1
498;57;206;"Denisstraße 1b";0
498;75;2;"Av. des Champs-Élysées 92";0
498;78;5;"30 Stamford Street";0
498;227;35;"54 W 40th St";0
499;57;40;Tonhallenstraße;1
500;193;375;"Bondegatan 79";1
500;223;934;"Jingcheng 6th St. West Dist.";0
501;43;930;"Chemin de la Venoge 7";1
501;163;932;"Lysaker Torg 5";0
501;163;932;"Strandveien 50";0
501;193;811;"Kilsgatan 10";0
501;193;1860;"Spinnerivägen 1";0
502;57;47;"Kemperplatz 1";0
502;75;2;NULL;1
502;75;2;NULL;1
502;227;35;"154 W 14th St";0
503;193;375;"55 E 3rd Ave";1
504;78;925;"Willowbank Business Park";0
504;131;309;"Moletu pl. 73";1
505;64;204;"Tartu maantee 84";1
506;109;922;"Via Del Carmine N. 11";1
506;227;921;"2965 Woodside Road";0
507;57;206;"Nymphenburgerstr. 86";0
507;68;11;"Paseo de la Castellana, 200";0
507;70;918;"Keilaranta 19";1
507;75;2;"40, Rue du Louvre";0
508;57;910;"Bahnhofplatz 3";0
508;57;206;"Riesstraße 24";1
508;57;195;"Willy-Brandt-Straße 23-25 ";0
508;68;898;"Avenida del Tres de Mayo, 30";0
508;68;899;"Avenida Perfecto Palacio de la Fuente 1";0
508;68;902;"Calle de Tous i Maroto, 4";0
508;68;125;"Carrer de Sancho de Ávila, 65";0
508;68;349;"Paseo Cerrado de Calderón, 13";0
508;75;58;"223, Avenue Émile Counord";0
508;75;34;"94, Rue Servient";0
508;89;468;"73 Aiolou";0
508;109;17;"Via Carlo Farini, 5";0
508;109;912;"Via del Mercato Vecchio, 9";0
508;109;913;"Via Giacomo Leopardi, 91";0
508;109;916;"Via Maso della Pieve, 60 a";0
508;109;914;"Via Sparano da Bari, 72";0
508;109;57;"Viale Giacomo Matteotti, 15";0
508;181;906;"Rua de Santo António 2";0
508;181;905;"Rua Filipe Folque 2";0
509;57;206;Dingolfingerstrasse;1
509;57;206;Friedenstraße;1
510;102;896;Deciphex;1
511;57;47;"Cuvrystraße 3-4";1
511;57;47;"Gitschinerstr. 94";1
512;75;2;"20, Boulevard Montmartre";1
513;57;368;"Reichenbachstraße 31";1
513;68;11;"Calle de José Abascal";0
514;98;409;"Radnička 177";1
514;98;408;"Šamačka 7";0
515;162;639;"High Tech Campus";1
516;57;47;"Skalitzer Straße 104";0
516;75;2;"47, Avenue de l'opéra";1
517;75;2;17ème;1
518;68;125;"Passatge Gaiolà, 13";1
519;43;79;"Seefeldstrasse 123";1
520;109;883;"Via delle Regioni, 265";1
521;43;882;"Technoparkstrasse 7";1
522;57;363;"Am Aukopf";1
523;75;2;"50 rue du Faubourg Saint-Antoine";1
524;78;1845;"21 Young St";0
524;78;1844;"Bridge Innovation Centre";0
524;78;1846;"Chi An Lorell Sector 2 ";0
524;102;876;"Floor 3, Centre Park House ";1
525;162;391;"Lange Viestraat 2b";1
526;57;47;"Ritterstr. 3";1
527;57;437;"Hanauer Landstraße 175";0
527;57;47;"Linienstraße 71";0
527;78;5;"15-19 Bloomsbury Way, Holborn ";0
527;227;35;"142 W 57th St";1
528;75;2;"14, Rue Charles V";1
528;227;30;"548 Market St";0
529;100;427;"Bajcsy-Zsilinszky út 12";1
530;30;863;"Alameda Rio Negro 503";0
530;68;125;"Gran Via de les Corts Catalanes, 133";1
530;171;864;"Calle San Marcos 303";0
530;181;198;"Rua de Angola 4";0
530;227;30;"810 Jones St";0
531;162;77;"Korte Leidsedwarsstraat 49a";1
532;75;860;NULL;1
533;75;2;"17-21, Rue Saint-Fiacre";1
534;43;858;"Wiesenstrasse 10A";1
535;70;74;"Ludviginkatu 6";0
535;70;856;"Palokärjentie 2-4";1
536;43;808;"c/o Biozentrum, Universität Basel";1
537;21;854;"Turnhoutseweg 30";0
537;21;853;"Wetenschapspark 13";1
538;57;195;"Humboldtstraße 59";1
539;21;849;"C-Mine 12";1
539;68;11;"C. de Alfonso XII, 62, 2nd Floor, 28014 Madrid, Spain";0
539;78;5;NULL;0
539;109;44;"Piazza Vetra, 17, 20123 Milano MI";0
539;162;77;"Johan Huizingalaan 763a";0
539;181;850;"Praça Marquês de Pombal 14";0
540;57;363;"Goldschmidtstraße 5";1
541;75;2;"43t, Rue Étienne Marcel";1
542;75;2;"61, Rue du Faubourg Saint-Denis";1
542;227;35;NULL;0
542;227;35;NULL;0
543;57;843;"Hirschstraße 4";1
544;57;47;"Oranienburger Str. 86A";1
545;43;23;"Rue du Grand-Chêne 8";1
546;193;375;Östermalm;1
548;57;368;NULL;1
548;57;368;NULL;1
549;68;11;NULL;1
549;68;11;NULL;1
550;57;195;NULL;0
550;57;47;NULL;1
550;57;206;NULL;0
550;57;195;NULL;0
550;57;47;NULL;1
550;57;206;NULL;0
551;162;369;"Molengraaffsingel 10";1
551;162;369;"Molengraaffsingel 8";1
552;23;830;"Bulevard Cherni vrah 47";0
552;43;64;"Dammstrasse 16";1
553;78;5;"3rd Floor, 86 – 90 Paul Street ";0
553;102;211;"42 Pearse Street";1
553;162;77;"World Trade Centre Strawinskylaan";0
553;227;35;"56 Ludlow Street, Ground Floor";0
554;59;331;"Titangade 11";1
555;57;47;"Urbanstrasse 71";1
555;68;11;"Calle de Manuel Ferrero";0
556;102;49;NULL;1
556;102;49;NULL;1
556;227;30;NULL;0
556;227;30;NULL;0
557;75;58;"132, Rue Fondaudège";0
557;75;801;"54 Avenue du Général Leclerc";1
558;13;450;"Eschenbachgasse 9";0
558;13;799;"Industriestraße 6";1
558;43;79;"Max-Högger-Strasse 2";0
558;57;800;"Römerstraße 7";0
559;227;796;"400 Capitol Mall";1
560;13;450;NULL;1
560;13;450;NULL;1
561;57;437;"An der Welle 4";0
561;68;11;"Calle de Alfonso XII, 62";0
561;75;2;"50, Rue Taitbout";1
561;109;17;"Piazza Vetra 17";0
561;162;77;"Vijzelstraat 68";0
562;181;356;"Av. Engº. Arantes e Oliveira nº3, R/C";1
563;57;19;"Friesenplatz 4";0
563;78;5;" 2-6 Boundary Row";0
563;163;339;"Gaustadallèen 21";1
563;227;86;"200 Portland St";0
564;48;775;"5001 Huanggang Road";0
564;56;774;"Technická 2935/23";0
564;57;206;"Paul-Gerhardt Allee 50";1
564;75;776;"Route Départementale 6007";0
564;78;59;NULL;0
564;78;59;NULL;0
564;78;780;"2 Redcliffe Way, Bristol BS1 6NL";0
564;227;777;"51 E Campbell Ave";0
565;75;2;"8th arrondissement";1
566;43;64;"Cardano Stiftung";1
567;57;206;"Georgenstr. 38";1
567;194;80;"Lower Delta Road";0
568;75;6;"112, Avenue Charles de Gaulle";1
569;131;309;"Bokšsto g.6 (Boksto street 6)";0
569;131;515;"Karaliaus Mindaugo prospektas, 38";1
570;193;375;"Södra Dryckesgränd 1";1
571;13;235;"Margaretenstraße 70/3.OG";1
572;162;77;"John Keynesplein 12-46";1
573;75;763;"4, Rue des Francs-Tireurs";1
574;193;375;"Långholmsgatan 34";1
574;193;762;"Nytorgsgatan 15";1
575;132;354;NULL;1
576;43;760;"Bucherstrasse 2";1
577;193;673;"Nordenskiöldsgatan 11";1
579;57;47;NULL;1
579;57;47;NULL;1
580;162;369;"Oostsingel 209";1
581;13;480;"Peter-Behrens-Platz 2";1
582;37;169;"1 University Ave";0
582;227;268;"125 S Clark St";1
582;227;35;"33 Irving Pl";0
583;57;47;"Schönhauser Allee 148";1
584;132;10198;" rue de Turi 1";1
585;57;746;"Macairestraße 3";1
586;57;745;"Rotebühlstraße 50";1
587;57;47;"Joachimstr. 7";1
588;57;743;"Lichtenbergstraße 8";1
589;162;342;"Energiestraat 3";0
589;162;742;"Toernooiveld 1";1
591;59;331;"BioInnovation Institute, Ole Maaløes Vej 3";1
592;75;2;NULL;1
592;75;2;NULL;1
592;100;427;NULL;0
592;100;427;NULL;0
593;75;2;"1 Boulevard Pasteur";1
595;181;736;NULL;1
595;181;736;NULL;1
596;193;375;"Centralplan 15";1
597;75;132;"7, Rue Léonard de Vinci";1
598;68;11;"Calle de Serrano, 90";0
598;75;2;"47, Rue des Petites Écuries";1
598;78;46;NULL;0
598;78;46;NULL;0
599;78;5;NULL;1
599;162;77;"Overschiestraat 65";1
600;227;35;"228 Park Ave S";1
601;75;2;"29 rue Linné";1
602;64;204;"Narva mnt";1
602;78;9512;"Binalyze Ltd";1
602;227;699;"575 Underhill Blvd";0
603;43;64;"Baarerstrasse 10";1
603;95;293;NULL;0
603;95;293;NULL;0
603;194;80;NULL;0
603;194;80;NULL;0
603;227;30;NULL;0
603;227;30;NULL;0
604;37;169;"10 Dundas St E";0
604;163;339;"Torggata 8";1
605;14;140;NULL;0
605;14;140;NULL;0
605;57;437;NULL;0
605;68;11;NULL;0
605;68;11;NULL;0
605;75;2;"5, Avenue Pierre 1er de Serbie";1
605;78;5;"2 Minster Court";0
605;95;293;NULL;0
605;95;293;NULL;0
605;194;80;"20 Cecil Street";0
605;227;688;NULL;0
605;227;373;NULL;0
605;227;688;NULL;0
605;227;149;NULL;0
605;227;268;NULL;0
605;227;373;NULL;0
605;227;35;"1251 Avenue of the Americas";0
606;14;674;"100 Harris St";0
606;14;140;"207 Kent Street";0
606;57;47;Schinkestraße;0
606;78;5;"26 Hatton Garden";0
606;78;683;"Crown House 145 City Rd ";0
606;102;49;"2 Dublin Landings";0
606;103;675;"Yigal Alon St 114";0
606;104;6675;"DLF Cyber City, DLF Phase 3, Gurugram, Haryana 122002";0
606;162;77;"Strawinskylaan 3101 ";0
606;162;77;"Strawinskylaan 4117";0
606;181;356;"R. Mouzinho da Silveira";0
606;193;361;"Kruthusgatan 17";0
606;194;281;"71 Robinson Rd 15th  Floor Singapore 068895 CG08-10 Dubai Silicon  Oasis HQ Building Dubai ";0
606;227;492;"107 Spring Street, Floor 3, Suite 16";0
606;227;679;"1201 Elm St";0
606;227;35;"1450 Broadway";0
606;227;645;"1501 Page Mill Rd";1
606;227;679;"1601 Elm St";0
606;227;492;"255 S King St";0
606;227;645;"3045 Park Blvd";1
606;227;7209;"460 W 50 N";0
606;227;678;"600 Congress Ave";0
606;227;35;"79 Madison Ave ";0
607;57;40;"Kesselstraße 5-7";1
608;75;2;"13, Rue Vivienne";1
608;75;2;"63, Rue Saint-Sabin";1
609;78;5;"The Canopy";0
609;102;49;"The Root System";1
609;227;35;"The Rootstock";0
610;57;47;"Wilhelm-Kabus-Str. 70";1
611;21;283;NULL;0
611;21;283;NULL;0
611;56;663;"Voršilská 139/5  110 00 Nové Město";1
611;78;5;NULL;0
611;78;5;NULL;0
611;227;111;"67 West Street";0
612;78;5;"45 Eagle Street";1
612;102;49;"Custom House Quay";0
612;181;659;"Av. Sá da Bandeira 2ª Fase";0
613;75;2;"60, Rue Amelot";1
614;56;656;"Pobrezni 46";0
614;227;35;"1350 Avenue of the Americas";1
616;75;654;"33 bis Boulevard Berthelot";1
617;163;339;"Martin Linges vei 25";1
618;57;47;"Zossener Straße 55-58";1
618;227;637;NULL;0
618;227;637;NULL;0
620;57;47;"Hermannstraße 257";1
621;57;206;"Ganghoferstraße 68b";1
621;57;206;"Leopoldstraße 180";1
622;59;331;"Skelbækgade 4 ";1
623;193;375;"c/o Epicenter, >Mäster Samuelsgatan 36";1
624;176;107;Krańcowa;1
624;227;645;"2100 Geng Rd";0
625;68;557;NULL;1
625;68;557;NULL;1
625;68;557;NULL;1
625;227;492;NULL;0
625;227;492;NULL;0
625;227;492;NULL;0
625;242;559;NULL;0
625;242;559;NULL;0
625;242;559;NULL;0
626;227;35;"100 6th Ave";1
627;162;639;NULL;1
627;162;639;NULL;1
628;43;64;"Bahnhofstrasse 21";1
629;68;636;"Calle Serrano Morales, 3";1
629;227;637;"1401 New York Ave NW";0
630;57;47;"Kemperplatz 1";1
631;78;634;"1 Ashley Road";0
631;78;5;"Aforza, Scott House";1
631;78;633;"Park House, Greyfriars Road";0
631;78;633;"Pendyris Street";0
631;78;632;"Quatro House";1
632;57;47;"Borsigstraße 27";1
633;2;281;"Mena Fze";0
633;14;140;"20 Martin Place";0
633;14;140;"95 Pitt St";0
633;57;40;"Speditionstraße 1";1
633;68;349;"Plaza de la Solidaridad";0
633;78;5;"85 Great Portland Street";0
633;227;30;"535 Mission St";0
634;59;331;"Frederiksholms Kanal";0
634;227;35;"118 Spring St";1
635;75;2;NULL;1
636;43;354;NULL;1
637;75;2;"16, Cité d'hauteville";1
638;57;47;"Hardenbergstraße 32";1
639;78;5;"99 Charterhouse Street";0
639;227;35;"195 Broadway";0
639;227;30;"360 Spear Street";1
639;227;30;"600 Battery St";1
640;59;331;"Masnedøgade 22, st.";1
641;21;618;Bollebergen;0
641;131;309;"Molėtų plentas";1
642;43;23;"EPFL Innovation Park Building I";1
642;89;468;"Kifisias Ave. 280, 15232 Cholargos";0
643;21;24;"Rue du Commerce 31";1
644;75;614;"2, Avenue Augustin Fresnel";1
645;163;339;Oslo;1
646;75;2;"27, Rue de Choiseul";1
648;75;2;"24, Rue Marie Stuart";1
649;57;608;"Tectrum - Bismarcktraße 142";0
649;75;2;NULL;0
649;75;2;NULL;0
649;75;606;"22, Rue Guynemer";1
650;43;602;"StartLab, Route De La Corniche 5";1
650;227;603;"3210 Merryfield Row";0
651;13;235;"Wiedner Hauptstraße 24";1
651;57;47;Lobeckstraße;0
652;75;599;"8, Rue Jeanne d'Asnières";1
653;75;2;"11 avenue Victor Hugo";1
653;78;5;"71-91 Aldwych";0
654;43;596;"Chemin de Chantavril 1";1
655;57;47;NULL;1
655;57;47;NULL;1
655;70;74;NULL;0
655;70;74;NULL;0
656;43;79;"Badenerstrasse 557";1
657;57;592;"Köhlstraße 10b";1
658;57;47;"Oberwallstraße 6";0
658;231;589;"James Street";1
659;193;354;NULL;1
660;227;30;NULL;1
660;227;30;NULL;1
661;78;5;"1 Poultry";0
661;193;375;"Birger Jarlsgatan 58";1
661;193;375;"Drottninggatan 98";1
662;43;79;"Stockerstrasse 44";1
662;78;5;"1 Lyric Square";0
662;181;198;NULL;0
662;181;198;NULL;0
663;75;2;"96, Boulevard Raspail";1
663;104;489;"91springboard 8th Block, Koramangala";0
663;160;2;"8 Hakeem Balogun St, Agidingbi, Ikeja";0
664;75;578;"2, Rue de la Renaissance";1
665;193;375;"Regeringsgatan 29";1
666;70;74;"Vuorikatu 20";1
666;163;339;"Øvre Slottsgate 4";0
666;227;576;"2111 Wilson Blvd";0
668;57;47;"Uhlandstraße 29";0
668;78;5;"Aircraft Factory";1
668;194;80;"9 Battery Road";0
668;227;570;NULL;0
668;227;570;NULL;0
669;64;204;NULL;0
669;64;204;NULL;0
669;68;11;"Calle de Fuencarral, 45";0
669;70;74;NULL;1
669;70;74;NULL;1
669;78;5;"75 Watling Street";0
670;57;206;"Schloßschmidstraße 5";0
670;227;562;"132-A Veterans Lane";1
671;57;47;NULL;1
671;57;47;NULL;1
672;57;47;"Alt-Moabit 73/73a";1
674;64;204;"Hobujaama 4";0
674;78;5;"Level 39 - One Canada Square, Canary Wharf";0
674;109;556;"Corso Castelfidardo, 30";1
675;75;2;"108, Rue Vieille du Temple";1
689;176;92;"Klimczaka 1";1
691;227;30;NULL;1
691;227;30;NULL;1
693;21;24;NULL;1
693;21;24;"5 place du champ de Mars";1
693;57;47;NULL;0
695;104;548;NULL;0
695;104;548;NULL;0
695;127;549;"Herrengasse 6";1
696;57;47;"Prenzlauer Allee 32";1
699;68;125;"Alaba 61";1
702;102;544;"13 St Clares Avenue";1
702;227;30;"1161 Mission St";0
704;43;79;"Förrlibuckstrasse 190";0
704;57;47;NULL;0
704;57;47;NULL;0
704;78;5;NULL;0
704;78;5;NULL;1
705;14;140;NULL;0
705;14;140;NULL;0
705;37;169;NULL;0
705;37;169;NULL;0
705;57;47;NULL;0
705;57;47;NULL;0
705;59;331;NULL;0
705;59;331;NULL;0
705;70;74;NULL;0
705;70;74;NULL;0
705;75;2;NULL;0
705;75;2;NULL;0
705;78;5;"Grosvenor Place";1
705;109;258;NULL;0
705;109;258;NULL;0
705;163;339;NULL;0
705;163;339;NULL;0
705;193;375;NULL;0
705;193;375;NULL;0
705;227;149;NULL;0
705;227;149;NULL;0
709;57;47;"Choriner Straße";1
709;181;527;"Rua do Bolhão";0
710;75;2;"12, Rue Charlot";1
711;227;30;"548 Market St";1
712;68;523;Poblenou;0
712;75;2;NULL;1
712;75;2;NULL;1
713;75;2;"5, Rue Grétry";0
714;75;520;"Lieu-dit Saint-Nicolas-de-Véroce";1
715;75;10;"Technopôle de l'Arbois";1
715;132;432;NULL;0
715;132;432;NULL;0
715;135;519;NULL;0
715;135;519;NULL;0
715;227;518;NULL;0
715;227;518;NULL;0
716;131;515;LT;1
717;75;34;"31, Place Bellecour";1
718;75;2;NULL;0
718;75;2;NULL;0
718;227;354;NULL;1
719;102;49;"19 South William Street";0
719;227;510;"2940 W. Maple Loop Dr.";1
720;193;509;"Drottninggatan 92";1
721;75;2;"46 Rue Notre Dame des Victoires";1
722;75;2;"26 RUE DU GENERAL BERTRAND";1
722;75;507;"801, Avenue des Champs Blancs";0
723;78;5;"11 Sir Simon Milton Square";0
723;78;502;"111b Commercial Street";0
723;78;503;"14 Bloomberg Arcade";0
723;78;501;"2 Charlotte Street";0
723;78;5;"214 Portobello Road";0
723;109;44;"Via Rosolino Pilo, 19";1
724;227;499;"1315 Walnut St";1
725;75;2;NULL;1
725;75;2;NULL;1
725;75;497;"535, Route des Lucioles";0
725;227;30;"One Market Street, Suite 3600";0
726;193;375;NULL;1
726;193;375;NULL;1
727;75;2;"59, Rue des Petits-Champs";1
728;48;490;NULL;0
728;48;490;NULL;0
728;104;489;"Embassy Tech Village";0
728;227;30;NULL;1
728;227;492;NULL;0
728;227;35;NULL;0
728;227;30;NULL;1
728;227;492;NULL;0
728;227;35;NULL;0
729;57;488;NULL;1
729;57;488;NULL;1
730;57;363;"Grenzhöfer Weg 36";1
731;75;2;"39, Boulevard des Capucines";1
732;59;331;"Toldbodgade 35";0
732;78;5;"3 Waterhouse Square";0
732;227;483;NULL;1
732;227;483;NULL;1
733;75;2;"22 Rue Jean-Aicard";1
733;75;2;"28, Rue de Londres";1
734;13;480;"Peter-Behrens-Platz 9";1
735;68;479;"Calle Germán Bernacer, 65";1
736;57;195;"Hongkongstraße 6";1
736;57;195;"Schopenstehl 13 (Curienstraße 2)";1
737;75;2;NULL;1
737;75;2;NULL;1
737;176;115;NULL;0
737;176;115;NULL;0
737;227;35;NULL;0
737;227;35;NULL;0
738;75;2;NULL;1
738;75;2;NULL;1
739;75;12;"165, Avenue de Bretagne";1
740;57;47;NULL;1
740;57;47;NULL;1
741;59;471;"Risø Huse 50";1
741;163;470;"Sminesgata 3";0
742;68;125;NULL;0
742;68;125;NULL;0
742;78;469;NULL;0
742;78;469;NULL;0
742;89;468;"Leoforos Syngrou 80-88";1
743;70;74;"Hermannin Rantatie 12A";1
743;70;74;"Vuorikatu 16";1
745;57;47;"Lohmühlenstraße 65";1
746;75;2;"5, Avenue Ingres";1
748;13;450;"Mollardgasse 85A";0
748;57;47;"Lobeckstraße 36";1
749;57;47;"Sophienstr. 6";1
750;193;448;Kungsgatan;1
751;75;2;NULL;1
751;75;2;"46, Rue de l'échiquier";1
752;78;5;"Regent House, 316 Beulah Hill";0
752;162;77;"Strawinskylaan 555-T";1
753;57;195;"Bäckerbreitergang, Hamburg, Deutschland";1
754;59;442;"Artillerivej 86";1
754;162;77;"Keizersgracht 585";0
755;57;368;"Corneliusstraße 28";0
755;57;437;"Friedrichstraße 15";0
755;57;40;"Graf-Adolf Straße 14";0
755;57;195;"Seilerstraße 16";0
755;57;47;"Stromstraße 15";1
755;162;77;"Rokin 75";0
756;43;434;"Im Schachen";1
756;152;435;Kanengo;0
757;75;2;"17, Rue de la Banque";1
758;132;432;"5, Rue Jean Monnet";1
759;21;429;"Samberstraat 3";1
759;78;5;NULL;0
759;78;5;NULL;0
759;162;77;NULL;0
759;162;77;NULL;0
773;70;74;"Somewhere in";1
774;59;360;"Højbro Plads 10";0
774;163;358;"Olav Tryggvasons gate 30";0
774;163;359;"Tordenskiolds Gate 2";1
775;57;47;"Gormannstraße 14";1
777;57;47;"Boxhagener Str. 77-78";1
777;57;47;"Brunnenstraße 24";1
779;75;396;"4 avenue Mont Thabor";1
779;75;395;"Grande Arche de la Défense, 1 Parvis de la Défense";0
781;57;47;"Chausseestraße 6";0
781;75;2;"128, Rue La Boétie";0
781;78;5;"30 Stamford Street";0
781;131;309;"Rinktinės g. 5 C";1
782;181;356;"Rua Luz Soriano, nº 67, 1º Posterior, Sala 30";1
783;227;149;"10880 Wilshire Blvd";1
784;75;2;"36, Rue de Saint-Pétersbourg";1
785;57;195;"Valentinskamp 70";1
786;57;47;"Gartenstraße 86";1
787;109;17;"Via Filippo Sassetti, 32";0
787;162;77;"Jachthavenweg 109H";1
788;227;35;"38 W 21st St";1
789;57;47;"Neue Schönhauser Straße 2";1
790;162;391;"Burgemeester Reigerstraat 89";1
790;162;391;"Stadsplateau 30";1
791;57;47;Monbijouplatz;1
791;227;35;"179 Franklin St";0
792;57;47;"Berlin ";0
792;75;2;NULL;1
792;75;2;NULL;1
792;109;17;NULL;0
792;109;17;NULL;0
793;64;204;"Telliskivi 60/2";1
794;227;30;"548 Market St ";1
795;57;362;"Am Berg 12";1
795;57;363;"Bismarckstr. 5";0
795;57;47;"Hardenbergstraße 32";0
796;21;413;"Wolfshaegen 2";1
797;162;342;"Gooimeer 8";1
798;57;368;"Briennerstraße 59";1
799;162;369;Molengraaffsingel;1
800;75;2;"40, Rue du Colisée";1
800;227;35;NULL;0
800;227;35;NULL;0
801;75;2;"10 rue de Penthièvre";1
802;64;204;NULL;1
802;64;204;NULL;1
803;43;335;"Via Giuseppe Motta 10";1
803;78;5;"2 Soho Square";0
803;109;17;"Via Serafino dell'uomo 7";0
803;227;149;"925 N La Brea Ave";0
804;57;47;Lützowufer;1
805;109;44;"Via Riva di Trento 1";1
806;75;2;"215 rue Saint Denis";1
808;75;2;"28 bd Haussmann";1
808;75;84;"74a, Rue de Paris";0
808;75;752;"ZA le Moulin ";0
808;176;751;Mokotowska;0
809;68;125;"Baldiri Reixac 10-12";1
810;193;375;Torsgatan;1
811;176;92;Powązkowska;1
812;57;1253;"Löhestraße 53";1
813;227;53;NULL;1
813;227;53;NULL;1
813;227;53;NULL;1
814;75;2;"85 rue de maubeuge";1
815;48;1241;"Shuang Jing Jie | Wuzhong Qu";0
815;68;11;"Calle de Juan de Mariana, 15";0
815;68;125;"Carrer del Foc, 68";1
815;75;2;"2, Rue Dieu";0
815;78;5;"90 High Holborn";0
815;162;77;"Overhoeksplein 3";0
815;163;173;"Maskinveien 9";0
815;227;1245;"883 N Shoreline Blvd";0
816;109;44;"Via Cassio Dione, 15";1
817;57;47;"Alt-Moabit 73";1
818;57;95;"Mergenthaler Allee 15-21";0
818;78;1562;"Ailsa House, Wedgnock Lane";0
818;78;5;"Unit 10 Tileyard Road London ";1
819;68;11;"Calle de O'Donnell, 12";0
819;68;1369;"Parque Tecnologico Walqa";1
819;78;1372;"New Broad Street";0
819;227;688;"6110 McFarland Station Drive";0
820;57;47;"Bülowstraße 66";1
823;57;368;"Winzererstraße 47 d";1
824;64;310;"Viru väljak 2 3. korrus Metro Plaza";0
824;70;74;"Kyllikinportti 2";0
824;131;309;"Upės gatvė 19, Vilnius ";1
824;176;107;"Twarda 4, 00-105, Warsaw";0
825;75;2;"1 rue de Metz";1
826;78;5;NULL;0
826;78;5;NULL;0
826;100;427;NULL;1
826;100;427;"Paulay Ede utca 12";1
827;57;19;"Sternengasse 14-16";1
828;43;64;"Baarerstrasse 57";1
829;102;49;"1 Blackberry Lane";1
830;75;2;NULL;1
830;75;2;NULL;1
831;57;47;"Gleimstraße 54";1
832;102;49;NULL;1
832;102;49;NULL;1
833;57;206;"Wilhelm-Wagenfeld-Straße 20";1
834;43;23;"Innovation Park EPFL, Building C";1
835;59;331;"Bredgade 58";1
835;59;331;"Farvergade 17";0
835;78;5;"52 Tabernacle Street";1
836;70;74;NULL;1
836;70;74;"Porkkalankatu 22 A";1
837;43;79;"Limmatstrasse 123";1
838;57;47;"Elsenstraße 106";1
838;57;1034;"Lange Straße 2";0
839;162;77;"James Wattstraat 100";1
840;59;419;"Hedeager 1";0
840;59;331;"Nyropsgade 37";1
840;59;417;"Vejlevej 270";0
841;57;206;"East Munich";0
841;102;49;"Harolds Cross";1
842;78;5;"7 Stratford Place ";0
842;109;377;"Via Dante Alighieri ";1
843;13;357;"Weisstraße 9";1
844;75;354;NULL;1
845;57;1007;"Rheinwerkallee 6";1
846;59;331;"Højbro Pl 10";1
847;55;383;"Constantinou Paparigopoulou, 14, HEATHROW TOWER";1
848;68;125;NULL;1
848;68;125;NULL;1
848;78;5;"55 Baker Street";0
848;227;13067;"75 State Street";0
849;163;339;"Fridtjof Nansens Plass 6";1
850;68;125;"Ronda Universitat, 31";1
851;75;2;NULL;1
851;75;2;NULL;1
852;37;8;"1010 Rue Sainte-Catherine O";0
852;163;359;"Biskop Gunnerus' gate 14";1
852;163;424;"Solgårdskog 139";0
852;227;425;"1925 Sherman St";0
853;70;74;"Lapinlahdenkatu 16";1
853;227;373;NULL;0
853;227;373;NULL;0
854;68;11;"Calle de Génova, 9";1
855;75;1210;"2, Avenue des Orangers";1
856;102;1202;"Unit 1 Oran Point";1
857;57;195;"Grindelallee 116";1
858;59;331;NULL;1
858;59;331;NULL;1
858;227;30;"717 Market St";0
859;59;331;"Vesterbrogade 69";0
859;78;5;"20 Saint Thomas Street";0
859;193;375;"Folkungagatan 44";1
859;193;375;"Norrlandsgatan 11 ";1
860;43;64;NULL;1
860;43;64;NULL;1
860;43;64;NULL;1
861;75;2;"71, Rue du Faubourg Saint-Martin";1
862;57;47;"Rheinsbergstraße 76";1
863;162;77;"Rokin 75";1
864;57;206;NULL;1
864;57;206;NULL;1
864;57;206;"Schellingstraße 45";1
865;2;281;"One Central";0
865;13;235;"Mariahilfer Straße 101/1/21";0
865;14;165;"727 Collins Street";0
865;21;24;"31 Handelsstraat";0
865;30;712;"Av. das Nações Unidas";0
865;37;169;"240 Richmond St W";0
865;43;79;"Viaduktstrasse 93-95";0
865;48;284;"威海路696号 邮政编码";0
865;57;47;"Friedrichstraße 101";1
865;57;206;"Neuturmstraße 5";0
865;57;709;"Rankestraße 5-6";1
865;59;331;"Skelbækgade 2-4";0
865;68;11;"Avenida de Europa, 26";0
865;75;2;"33, Rue La Fayette";0
865;78;5;"51 Eastcheap";0
865;102;49;"N Wall Quay / North Dock";0
865;104;216;"Lal Bahadur Shastri Rd";0
865;109;711;"Via Lima, 7";0
865;112;278;Kyobashi;0
865;120;713;"416 Hangang-daero";0
865;153;721;"Av. Paseo de la Reforma 26";0
865;162;77;"Keizersgracht 482";0
865;181;728;"Rua Correia Teles 28 a";0
865;187;704;"Ulitsa Bol'shaya Yakimanka 26";0
865;193;375;"Malmskillnadsgatan 32";0
865;194;80;"Six Battery Road";0
865;227;35;"980 6th Ave";0
865;242;722;"80 Strand St";0
866;43;64;NULL;1
866;57;47;"Skalitzer Strasse 85-86 ";0
866;227;30;"548 Market St";0
867;75;2;NULL;1
867;75;2;NULL;1
868;75;2;NULL;1
868;227;30;NULL;1
869;43;610;"Brandschenkestrasse 45";1
870;162;343;"Automotive Campus 70";1
871;193;361;"Fredsflottiljens Väg 19";1
872;75;2;"18, Boulevard Malesherbes";1
873;57;368;"Sonnenstraße 15";1
874;57;47;NULL;1
874;57;47;NULL;1
875;103;605;Sarona;1
876;78;5;"4 Snow Hill";0
876;162;77;"Keizersgracht 391 a";0
876;163;998;"Solheimsgaten 7c";1
876;176;997;"Aleja Generała Józefa Hallera 2b";0
876;193;375;"Medborgarplatsen 3";0
877;68;11;"Calle Escalinata 3bajos, local derecha planta superior, 28013";0
877;78;5;"London W1F 0JL, Ingestre Court, 44a Ingestre Place, Soho";0
877;109;44;"Viale Cassala 32";1
878;68;347;"Avenida Manuel Siurot, 59";0
878;68;11;"Calle del Conde de Peñalver, 38";1
878;68;125;"Carrer Pau Claris";0
878;68;349;"Plaza de la Solidaridad, 12";0
878;75;2;"5, Rue de l'arc de Triomphe";0
878;153;6707;"Av. Pdte. Masaryk 219, Polanco, Miguel Hidalgo";0
878;181;356;"R. Mouzinho da Silveira 10";0
879;13;235;"Stiftgasse 31";0
879;43;808;"Aeschengraben 29";0
879;43;808;"Freie Strasse";0
879;57;195;"Axel-Springer-Platz 3";0
879;57;47;"Glinkastraße 32";0
879;57;206;"Landshuter Allee 12-14";0
879;57;821;"Laufertorgraben 2";1
879;57;437;"Neue Rothofstraße 13-19 ";0
879;57;821;"Sophie-Germain Straße";1
879;59;331;NULL;0
879;68;11;"Calle de la Princesa, 31";0
879;68;125;"Carrer de Provença, 273";0
879;75;2;"12/14, Rond-Point des Champs-Elysées";0
879;78;5;"31-35 Kirby Street";0
879;104;217;"417 Golden Square Prime, Hosur main road";0
879;109;258;NULL;0
879;153;814;"Avenida de las Américas 1254";0
879;181;527;"Rua Soares dos Reis";0
879;193;811;"Kungsgatan 46";0
879;193;375;Lantmäteribacken;0
879;227;688;"1175 Peachtree St NE";0
879;227;816;"8875 Hidden River Pkwy";0
880;75;2;NULL;1
880;75;2;NULL;1
881;57;47;"Landsberger Allee 117";1
882;43;64;"Bergliweg 15";1
882;43;64;"Gubelstrasse 11";1
883;186;333;NULL;0
883;186;333;NULL;0
883;227;334;NULL;1
883;227;35;NULL;1
884;109;414;NULL;1
884;109;414;NULL;1
885;75;2;"17, Rue de l'arrivée";1
886;75;2;NULL;1
886;75;2;NULL;1
887;153;63;"Hacienda San Idelfonso";1
888;75;1355;"8 rue des Graviers";0
888;227;30;"600 California St";1
889;2;462;"Al Khatem Tower, ADGM Square";0
889;55;152;"18 Spyrou Kyprianou Avenue";0
889;83;461;NULL;1
889;83;461;NULL;1
890;21;283;NULL;0
890;21;283;NULL;0
890;57;47;NULL;0
890;57;47;NULL;0
890;75;2;NULL;1
890;75;2;NULL;1
890;78;5;NULL;0
890;78;5;NULL;0
890;194;282;NULL;0
890;194;282;NULL;0
890;227;174;NULL;0
890;227;174;NULL;0
891;193;673;"Torggatan 2";1
892;57;47;"Rheinsberger Strasse 76/77";1
893;57;362;"Bachstr. 22";1
893;57;362;"Jülicher Straße 306";1
894;75;2;NULL;1
894;75;2;NULL;1
895;68;789;NULL;1
895;68;789;NULL;1
896;75;2;"1, Rue de Stockholm";1
896;75;264;"37, Rue du Docteur Leroy";0
897;75;564;"305, Rue des Fours";1
4106;75;2;NULL;1
4106;75;2;NULL;1
4108;227;35;"120 Rivington St";1
4241;227;30;"20th St.";0
4243;75;2;"15, Boulevard Poissonnière";1
4245;14;140;"133 Castlereagh St";0
4245;30;712;"Rua Funchal 538";0
4245;37;8;"1176, rue Bishop";0
4245;57;206;"Dingolfinger Straße 15";0
4245;75;191;"650 rue Henri Becquerel – La Bruyère – Bâtiment 1";0
4245;75;2;"9, Avenue René Coty";0
4245;78;5;"Birchin Court, 20 Birchin Lane";0
4245;104;1104;"Monarch Enclave, 5th Floor";0
4245;109;17;"Piazza IV Novembre, 7";0
4245;194;80;"12 Marina Boulevard, MBFC T3 #17-01";0
4245;227;35;"100 Wall St";0
4245;227;1776;"6021 Wallace Rd Ext";0
4245;227;1777;"805 Veterans Blvd.";1
4246;75;131;"11 rue Michel Labrousse";1
4246;75;1771;"12, avenue des Prés";0
4246;75;1768;"4, rue Edith Piaf";0
4246;75;1770;"Parc d'activités du Grand Girac";0
4249;75;2;NULL;1
4251;75;131;" 76 Allée Jean Jaurès ";1
4255;75;2;"66, Avenue des Champs-Élysées";1
4258;78;5;"68 King William Street";0
4258;103;1790;"60 Medinat HaYehudim Street";0
4258;227;86;.;1
4260;78;1792;NULL;1
4263;75;1796;"91, Rue Gabriel Péri";1
4265;78;5;"The Tea Building";1
4265;227;688;"1389 Peachtree Rd NE";0
4267;75;1799;"18, Rue de l'étang";1
4270;57;47;"Knesebeckstraße 59";1
4270;57;40;"Paulusstraße 1";0
4273;68;11;"Calle del Príncipe de Vergara, 112";0
4273;75;1804;"21, Rue Marcel Carné";0
4273;75;12;"68 Rue Saint-Etienne";0
4273;75;2;"75009, Rue de la Victoire";1
4275;75;2;NULL;1
4275;75;34;"7, Rue Jean de Tournes";0
4277;75;2;"33, Rue La Fayette";1
4278;70;74;NULL;0
4278;78;5;NULL;1
4281;75;2;"58 rue de la Victoire";1
4289;75;2;"36, Rue La Fayette";1
4289;78;5;"5 Hatfields";0
4289;95;293;"1101, 11/F, Lee Garden Two28 Yun Ping Road, Causeway Bay";0
4289;227;111;"66 Hope St";0
4292;57;47;"Karl-Marx Straße 97";0
4292;75;1828;"12, Rue Armand Barbès";1
4298;68;1830;"Calle Energía Solar, 1";1
4302;75;395;"1, Parvis de la Défense";1
4304;171;1832;"Prolongación Mariscal Domingo Nieto";1
4312;75;1836;"21, Rue Marcel Schwob";1
4313;75;2;NULL;1
4314;162;1214;"Fregatweg 51";1
4315;75;2;"3, Boulevard Saint-Martin";1
4315;227;116;"1334 Brittmoore Rd";0
4316;57;195;NULL;1
4316;75;229;NULL;0
4317;59;331;"Amagerfælledvej 106";1
4317;89;1858;"6 Alipedou";0
4318;68;125;"Carrer de Blesa, 27";1
4319;59;331;"Kronprinsessegade 26";0
4319;70;74;"Fredrikinkatu 57 C";1
4319;70;1289;"Tykistökatu 4 D";0
4319;193;375;"Blekholmstorget 30 F";0
4320;193;375;"Östra Järnvägsgatan 27";1
4321;57;195;"Grimm 14 ";1
4322;43;1872;"Passage du Cardinal 1";1
4324;75;2;"8, Rue Blanche";1
4325;163;358;"Bynesveien 48";1
4326;75;1871;"Les Roselières";1
4327;193;1878;"Västberga allé 60";1
4328;57;19;"Konrad-Adenauer-Ufer 83";0
4328;57;1875;"Lösenbacher Landstraße 160";1
4328;227;1874;"10 Bearfoot Rd";0
4329;162;391;"Nieuwegracht 32";1
4330;59;1879;"Lufthavnvej 151";1
4331;57;195;NULL;1
4331;104;217;NULL;0
4332;37;1883;"999 8th Street S.W.";0
4332;59;186;"Frydenlundsvej 30";1
4333;75;1885;"20, Rue Marie de Lorraine";1
4333;75;1886;"6, Rond-Point des Condamines";0
4334;43;1887;"Lerchenfeldstrasse 3";1
4335;43;23;"Route du Lac 3";1
4335;48;284;"200082 Shanghai, Yangpu District, Huoshan Road";0
4335;194;1895;"36 Carpenter Street";0
4335;227;373;"1001 Bannock St";0
4336;132;432;"15, Rue Edward Steichen";0
4336;132;1891;"Grand-Rue 40-42";1
4337;75;1888;NULL;0
4337;75;2;"96, Boulevard Raspail";1
4338;75;2;"4, Place Jussieu";0
4338;185;1896;"2 rue Maxime Rivière";1
4339;75;2;"27 rue des Renaudes ";1
4340;57;1910;"Krokamp 35";0
4340;59;360;"Amaliegade 3";0
4340;59;1906;"Nordborgvej 81";1
4340;68;1908;"Calle de la Calendula, 93";0
4340;109;1903;"Via Energy Park";0
4340;194;80;"25 International Business Park";0
4340;227;1904;"2800 E 13th St";0
4340;242;1909;"Autumn Rd";0
4341;68;1900;NULL;1
4341;194;80;"16 Raffles Quay, 38 ";0
4342;43;1901;"EPFL Innovation Park";1
4343;59;246;"Støberigade 14";1
4344;163;339;"Staalfjaera 5";1
4345;75;84;"65 Rue de Saint-Brieuc";0
4345;75;2;"96 bis Boulevard Raspail";1
4346;70;74;Tammasaarenlaituri;1
4347;102;1917;"The Units of Rathdrinagh Beauparc ";1
4348;57;1916;"Gräfenhäuser Str. 85";1
4348;220;1915;"İstanbul Teknoloji Geliştirme Bölgesi  Sanayi Mah. Teknopark Bulvarı";0
4349;59;1879;"Svendborgvej 226";1
4350;55;152;"16 Panteli Katelari";0
4350;89;468;"Stadiou 24";1
4351;70;74;"Iso Roobertinkatu 21";1
4352;163;358;"Transittgata 10";1
4353;70;918;"Tekniikantie 2D";1
4354;193;811;NULL;1
4355;68;1923;"Polígono Industrial Talluntxe II";1
4356;70;1973;"Automaatiotie 1";1
4357;75;34;"35 Rue de Marseille";0
4357;75;229;"61, Boulevard des Dames";1
4358;75;1155;"14, Avenue Pey Berland";1
4359;57;47;NULL;0
4359;57;195;"Altonaer Poststrasse 13A";1
4360;59;1215;"Maskinvej 5";1
4361;59;1930;"Kronborg 3b";1
4361;68;1931;NULL;0
4362;21;24;"Rue du Bourdon 100/2";1
4363;56;230;"Kremencova 186/7";1
4364;75;2;"130 rue de Lourmel";1
4364;75;1934;"196, Avenue des Eaux Blanches";0
4364;75;1935;"Cap Alpha, 9 avenue de l'Europe";0
4365;46;1939;NULL;0
4365;103;605;NULL;0
4365;163;173;NULL;1
4366;75;1940;"ZI Les Fraries";1
4367;68;1941;NULL;0
4367;102;49;NULL;1
4369;68;1943;"Calle Manantial 13";1
4370;75;15;"15, Rue de la Brigantine";0
4370;75;229;"61, Boulevard des Dames";1
4371;162;1946;"Van Dijklaan 6";1
4372;70;1947;"Delta Cygni Labs Ltd";1
4376;59;331;"Vestergade 2C";1
4376;227;570;"1250 Borregas Ave";0
4377;43;23;"4 avenue d'Ouchy";0
4377;75;84;"4, Rue Jean Lemaistre";1
4378;193;375;"Drottning Kristinas väg 45";1
4379;59;331;"Strandgade 4";1
4379;225;127;"Vozdvyzhens’ka Str. 14А";0
4380;75;1956;"112 avenue de Paris - CS 60002";0
4380;78;171;"184 Shepherd's Bush Road";1
4380;194;80;"Battery Road";0
4381;75;2;"21 Boulevard des Batignolles";1
4382;57;47;"Schönhauser Allee 176";1
4383;75;1960;"3 rue Ariane";0
4384;75;132;"5, Avenue Carnot";1
4385;75;2;"7 quai André Citroën";1
4460;68;11;"Julian Camarillo 21";1
4462;68;11;"Calle Alcalá 106";1
4462;68;125;"Travessera de Gràcia 73";0
4464;30;712;"Avenida Doutor Cardoso de Melo";1
4466;75;2;"14, Boulevard Poissonnière";1
4477;176;91;"Wyspa Słodowa";1
4478;78;5;"8 Hermitage Street";1
4478;225;1981;"Mezhihyrska St";0
4479;75;1986;"Les Chazals";1
4480;13;1987;"Puchstraße 17";1
4481;75;1990;"25, Rue Casimir-Perier";1
4482;21;1988;"Rue Jules Cockx";0
4482;78;5;"71-75 Shelton Street";1
4483;78;1994;"15 Oxford Industrial Park";1
4483;78;5;"17 Fittleton Gardens";0
4483;78;1992;"Brooms Road";0
4483;112;278;NULL;0
4484;78;1995;"1 St Peter's Square";0
4484;78;5;"40 Bank Street";1
4485;70;74;NULL;1
4485;70;74;NULL;1
4486;78;59;"Carthouse 3, Copley Business Park";1
4486;78;5;"Unit 3 Kingfisher House";0
4487;131;1998;"V. Nagevičiaus gatvė 3";1
4488;64;1292;"Raatuse 77";1
4489;78;5;NULL;1
4490;78;5;"Our HQ is 120 Holborn";1
4491;13;1987;"Kratkystraße 2";1
4491;57;195;"Frickestraße 67";0
4492;78;59;"Botanic House";0
4492;131;2005;"Mokyklos g. 36, Bukiskis";1
4493;14;2008;"Level 4, 65 Walker Street";1
4493;174;2009;"2/F, Clark Center 10, Berthaphil";0
4494;78;5;"3rd Floor Roxburghe House ";1
4495;75;2;"10, Rue de Penthièvre";1
4496;78;2013;"A15 Kilcronagh Business Park";0
4496;102;49;"37 Heather Road";1
4497;181;2015;"TagusPark, Av. Jacques Delors,";1
4497;227;116;"12 Greenway Plaza";0
4498;78;5;"207 Regent Street";1
4499;78;2017;"Unit 1, 1 Kemmel Rd";1
4526;162;369;"Schieweg 15";1
4527;78;5;"Horse Guards Avenue";1
4528;14;140;"85 William St";0
4528;78;5;"3-7 Herbal Hill";1
4528;78;2026;"Savile Street";0
4529;78;5;"24 Holborn Viaduct, Holborn";0
4529;227;2020;"1111B S Governors Ave #6025";1
4530;100;2022;NULL;1
4531;78;5;NULL;1
4532;78;5;NULL;1
4533;57;195;"Winterstraße 2";1
4534;13;2029;"Egger-Lienz-Straße 116";1
4535;78;59;"Allia Future Business Centres Ltd";1
4536;43;1137;NULL;1
4536;162;77;"Passeerdersgracht 15";0
4537;43;79;Technoparkstrasse;1
4538;78;5;"3rd floor , 86-90 paul street";1
4539;78;1995;NorthStar;1
4545;57;47;"Unter den Linden 24";1
4546;57;362;"Aachen Stadt";1
4547;68;11;"Calle de Serrano, 88";1
4548;59;2038;"Viborggade 70, 4.";1
4549;163;2040;"Glynitveien 27";1
4550;162;1407;"Goudsesingel 136";1
4551;78;2041;"Maxim 1, 2nd Floor - Suite 3, Maxim Office Park";1
4552;57;47;"Rheinsberger Str. 76/77";1
4553;78;2045;"Pixmore Centre";1
4554;78;5;"136 High Holborn";1
4555;112;278;NULL;0
4555;162;742;NULL;1
4556;109;17;"Via Privata Turro, 6";1
4557;78;2050;"Preston EV";1
4558;57;2051;"Daimlerstraße 6";1
4559;78;5;"The Space, Aldgate, 30 Dukes Place";1
4560;21;1439;"1 Gaston Geenslaan";0
4561;78;59;NULL;1
4562;59;1420;"Vesterbrogade 90";1
4563;131;515;"Drobės gatvė 62";1
4564;78;2058;"The Rivergreen Centre";1
4565;78;5;"167-169 Great Portland Street";1
4566;78;2060;NULL;1
4567;227;679;"12790 Merit Drive, Building 9, Suite 700";1
4568;43;2062;NULL;1
4569;75;2;NULL;1
4570;193;361;"Holtermansgatan 1c";1
4571;227;2063;NULL;1
4572;78;5;"2 Kensington Square";1
4572;227;35;"568 Broadway";0
4573;13;450;Perfektastraße;1
4573;227;30;NULL;0
4574;70;74;;1
4575;64;204;"Harju maakond";1
4576;102;2072;"Innovation House";1
4576;227;116;"2925 Richmond Avenue";0
4577;78;5;"1/58 Westbourne Drive";1
4578;57;47;"Mariendorfer Damm 1";1
4578;194;80;"160 Robinson Road #24-09";0
4579;78;5;"181 Drury Lane, Covent Garden";1
4580;176;91;"Rynek ";1
4581;227;2081;"260 E Main St";1
4582;102;211;"77 Camden Street Lower";1
4583;78;5;"Scope Offices, Argyle House, 29-31 Euston Road";1
4584;78;5;"61 Amhurst Road";1
4585;102;1409;"96-97 Capel Street";0
4585;227;30;Larkspur;1
4586;220;1915;"Esentepe mah. Büyükdere cad. No.209";1
4587;78;5;"66 Lancaster Street";1
4588;100;427;NULL;1
4589;59;2090;"Balticagade 24";1
4590;63;2094;"Republica del Salvador N34-60";0
4591;78;5;"20 Primrose Street";1
4591;186;75;NULL;0
4592;78;2097;"Health and Wellbeing Innovation Centre";1
4593;78;5;"184 Shepherds Bush Road";1
4593;193;2095;"HUMLEGÅRDSGATAN 4 3 VÅN";0
4595;227;30;"25 Taylor St";1
4596;68;789;"Calle Ercilla, 26";0
4596;68;125;"Calle la Rambla, 110";0
4596;68;2102;"Hernán Cortés, 1";0
4596;68;11;Hortaleza;1
4597;78;5;"22 Highbury Grove";1
4598;78;5;"100 Pall Mall";1
4599;78;2105;NULL;1
4600;13;235;NULL;0
4600;30;712;NULL;0
4600;57;47;NULL;1
4600;68;125;NULL;0
4601;108;2106;"Hilmisgata 4";1
4602;227;2111;"50-2 Howard St.";1
4610;2;281;NULL;0
4610;78;5;NULL;1
4610;175;2113;NULL;0
4611;78;5;"Work.Life, 9 Noel Street";1
4612;18;2116;"Blajburških žrtava b.b.";1
4613;78;5;"85 Frampton Street";1
4614;75;2;NULL;1
4615;57;2122;NULL;1
4616;187;2121;NULL;1
4617;57;2124;"Lotter Straße 115";1
4617;57;47;"Rheinsberger Str. 76/77";0
4618;57;195;"Specksaalredder 6d";1
4619;75;12;"143 rue d'athènes";1
4625;55;152;"8 Michael Karaoli";1
4626;78;5;"199 Bishopsgate";1
4627;78;5;NULL;1
4628;59;331;"Applebys Pl. 7, ";1
4628;112;2131;"Ginza ";0
4629;78;5;"2 - 6 Boundary Row";1
4630;176;107;"ulica Biala 4";1
4631;75;2134;"Allée du Lac - Immeuble Lake Park";1
4631;78;5;"86-90 Paul Street";0
4633;78;5;"No 1. Poultry";1
4634;14;165;"696 Bourke St";0
4634;43;79;"Gerbergasse 5";1
4635;78;5;"1st Floor, 239 Kensington High St, Kensington";1
4639;78;780;"Science Creates, Old Market, Midland Road";1
4640;78;2142;"Hockering Road";1
4642;162;77;NULL;1
4643;2;281;"Building 22 - Office 303 - Jafza";0
4643;21;2144;"Meir 30";1
4643;227;2145;"670 Griswold St";0
4644;78;469;NULL;1
4645;78;5;"138 - 142 Holborn";1
4645;227;35;"228 E 45th St";0
4646;56;774;"Purkynova 649/127";1
4647;78;5;"12-16 Addiscombe Road";1
4647;78;2153;"Spaces Office 521";0
4648;64;204;"Vabaõhumuuseumi tee 1";1
4657;78;5;"1 Fore Street Avenue";1
4658;48;2155;NULL;0
4658;78;2156;"Crown Street";1
4659;68;125;"Carrer Historiador Maians, 20-22";1
4660;23;2159;"41 "Christopher Columbus" Blvd";1
4661;75;2;"24, Rue du Faubourg Saint-Jacques";1
4662;78;5;"60 Pear Tree Street";1
4662;227;35;"750 Lexington Ave";0
4663;78;2163;"Suite B, 6th Floor, Avalon";1
4664;57;1916;"Pfungstädter Str. 102";1
4665;59;2164;"Bryggervangen 37";1
4666;56;774;Běhounská;0
4666;78;5;"3 Gower Street";1
4669;78;2166;" Bowman Court, Whitehill Ln";0
4669;78;2165;"Nexus Leeds, Discovery Way";1
4670;68;125;NULL;1
4671;78;780;"41 Arlington Road";1
4672;30;712;"R. Dr. Virgílio de Carvalho Pinto, 445 Pinheiros, ";0
4672;57;206;Mühldorfstraße;0
4672;78;5;"110 High Holborn";1
4672;101;2172;"Gran Rubina Business Park";0
4672;162;77;"Tolstraat 201";0
4673;78;5;"Marylebone Road";1
4673;162;77;"WeWork Weteringschans ";0
4673;186;2177;"Soseaua Pipera 46-48";0
4674;78;2176;"Concorde Road";1
4675;13;235;"Karl-Farkas-Gasse 22";1
4678;70;918;"Tietäjäntie 2";1
4679;176;91;"Świdnicka 12";1
4681;78;5;"35 Kingsland Road";1
4682;78;2153;"52 Dartmouth Crescent";1
4683;57;47;"Kastanienallee ";1
4684;57;47;"Erkelenzdamm 59-61";1
4685;187;704;"Dubiniskaya str., 57, stroene 1, office 111";1
4686;78;5;NULL;1
4687;21;2187;"Rue Granbonpré 11";1
4688;48;775;Asia;0
4688;78;5;"16 Bowling Green Lane";1
4688;162;77;Amsterdam;0
4689;64;1292;"Friedrich Reinhold Kreutzwaldi 19g";1
4689;227;678;"701 Brazos St";0
4690;68;125;"Gran Via de les Corts Catalanes, 630";1
4691;78;5246;"DESIGN HOUSE CASWELL ROAD BRACKMILLS INDUSTRIAL ESTATE";0
4692;68;125;"Avenida de Josep Tarradellas, 20";1
4693;78;5;"6th Floor, Charlotte Building";1
4693;242;722;"2 Roeland Street";0
4694;78;5;"80 Wood Lane,";1
4702;57;47;"Tempelhofer Ufer";1
4703;68;11;"Plaza de los Reyes Magos";1
4704;78;2201;"Pinewood Studios";1
4705;78;2050;"7600 Quorum";1
4706;78;1995;"The Greenhouse";1
4707;78;5;"Marina Studios, Unit G4, Harbour Yard, Chelsea Harbour";0
4707;102;49;"42 Pearse Street";1
4707;227;645;"2100 Geng Rd";0
4815;109;1154;"Via Nepal, 29";1
4816;78;5;"Almond Studios, 100 Drummond Road";1
4817;78;59;"8 Station Court, Station Road ";1
4818;23;2159;"j.k. Manastirski Livadi”, 1A Flora Str., Obsidian building";1
4819;43;79;NULL;1
4820;109;44;"Via San Raffaele 1";1
4821;64;204;"Lõõtsa 8";1
4822;78;633;Natwest;1
4823;14;165;"134-36 Cambridge street Collingwood";1
4826;78;5;"36 Park Road";1
4830;68;125;"Milanesat 6";1
4831;68;11;"Avenida del Brasil";1
4832;14;140;"333 George St";0
4832;78;1845;"116 George St ";0
4832;78;5;"9 Devonshire Square";0
4832;227;2223;"10500 NE 8th St";1
4832;227;86;"179 Lincoln St";0
4833;78;5;"One Canada Square";1
4834;227;2063;NULL;1
4835;57;2226;"Marbacher Weg 6";0
4835;57;195;"Notkestraße 85";1
4838;57;2228;"Werner-von-Siemens-Straße 6";1
4839;68;349;NULL;0
4839;70;74;NULL;1
4840;13;450;"Eduard-Kittenbergergasse 95B";1
4841;43;2231;NULL;1
4844;21;24;"Rue Breydel 40";0
4844;78;5;"77 New Cavendish Street";1
4845;48;2250;"Hong Fa Building";0
4845;78;130;"One Valpy";1
4845;223;2251;"5F, No.194, ZhouZi Street";0
4846;78;5;"60 Sloane Avenue";0
4847;78;2165;"Springfield Mills";1
4849;78;2156;"Liverpool Science Park";1
4849;78;2165;"Nexus, Discovery Way";0
4850;43;2240;"Route de la Galaise 34";1
4856;162;2241;"The Gallery";1
4862;98;409;NULL;1
4863;78;5;"175 Long Lane";1
4865;78;5;"London Knowledge and Innovation Centre";1
4873;89;468;NULL;1
4874;78;5;"The Hoxton Mix, ​3rd Floor ";1
4875;220;1915;"Atatürk Mahallesi Ataşehir Bulvarı Ata 3-3 Plaza";1
4876;14;140;NULL;0
4876;37;169;NULL;0
4876;57;47;NULL;0
4876;70;74;"Antinkatu 1 (6th floor)";1
4876;112;278;;0
4876;194;80;;0
4876;227;86;NULL;0
4877;75;2;"15, Rue Henri Ribière";1
4878;59;331;"Dortheavej 8";1
4879;57;2268;"Giersstraße 26";1
4880;78;5;"22-25 Portman Close";1
